MedInc,HouseAge,AveRooms,AveBedrms,Population,AveOccup,Latitude,Longitude,MHV
-1.1199749330438333,-1.329843308393715,0.1419004518620726,0.4658136987980791,-0.10301777467500105,-0.10744184416176107,-0.7950524078397521,1.5304716763409,0.66
-0.9490938885377456,0.6726626072973063,0.28370554761513944,0.10655529643465292,-0.6546477749692311,-0.0623949278698749,0.21273656121863005,0.0024704978154519064,0.607
3.8743126570888804,-0.8492418886278699,1.2254810098923188,-0.023587924660354292,0.10202890306594632,0.03335714649304235,-1.2289615472954436,1.1709419872760878,5.00001
0.9983212703673051,0.9129633171802288,0.27784564068779194,-0.38538378612280755,-0.8887276106204011,-0.045322746804599315,-0.6830758557221533,0.5767193067384124,3.824
-0.5076378692883107,1.7139656834566372,-0.12830896125699554,0.09230174287983997,0.7552749560459556,0.045815626761734035,0.9732439776839799,-1.4206678547327694,2.464
-0.6844334120607457,0.43236189741438374,-0.9175211885652003,-0.1760767385762911,0.5638375710754251,0.13709892671375737,-0.74372982145252,0.7764580228855334,1.563
-1.0231583262874997,0.9129633171802288,-0.7541777739530506,-0.18319364317115472,-0.06763361347191721,0.1621374971223881,-0.74372982145252,0.6865756006193269,1.219
-0.581169469356412,0.9930635538078697,-0.5718648268420067,-0.0980977812917591,-0.47500511039972854,-0.05546857202253437,-0.8883662012710817,0.6416343894862235,2.383
0.28469176332956464,-0.9293421252555106,-0.041515093342832494,-0.07544834577100533,0.9176791831062635,-0.07653425839125907,-0.8930318909426506,0.7914384265965678,2.481
5.9461454146598856,0.5925623706696654,0.8674279985892495,-0.2241297181068287,0.02944600829038973,-0.05196581567818095,-0.74372982145252,0.5367715635089896,5.00001
-0.046893125963040495,0.7527628439249472,-0.4116382690337487,-0.12370208540360454,0.18005551494966965,-0.04684597362685551,-0.8277122355407183,0.6965625364266808,1.619
0.38406599095783195,-1.6502442549042784,-0.4416709748183095,-0.13599481070131364,1.0583085417339044,-0.06973160726385907,0.7586222527919203,-1.1260532484157684,2.826
-0.4746019330258302,-1.249743071766074,-0.36902758982471484,0.15424677823932234,-0.06581904110252829,-0.0137570149282257,-0.8277122355407183,0.7864449586928873,1.656
0.32129771205911933,-1.0094423618831516,0.20866562578575137,-0.22200677613754877,-0.5611972979457021,-0.04224447121896588,1.271848116664241,-1.6353869745909178,3.05
-0.26834046645798937,0.5925623706696654,-0.1848918900689746,-0.17739334541844623,0.36151275188856113,0.04344331445188551,1.1085489781594136,-1.1560140558378371,0.946
-0.10161555586879423,-0.8492418886278699,-0.40709928628818876,-0.08841316886954369,0.4830891006376184,-0.06834799176739391,-0.8417093045554153,0.8114122982112757,1.714
1.8413770502785374,-0.9293421252555106,1.2444654447965844,0.019477872868060193,0.5112149723631466,-0.00236203241192963,-0.6504160280211871,0.36200018688026403,3.429
0.8579185412517639,-1.1696428351384331,0.2214847964034358,-0.2473214624488653,-0.12025621218419573,0.008920499619008293,0.5020093208557566,-1.111072844704734,1.9
3.6747116615417004,-0.8492418886278699,1.4652999949824035,-0.034746137740798454,1.4357395945667986,-0.00043669060899678263,1.0338979434143465,-1.2109422027782943,5.00001
-0.3427246068167355,-0.36864046886202473,-0.4898809703686809,-0.05663736359149398,0.9521560581246529,-0.10925561501398609,-0.7204013730946851,0.7215298759450762,2.524
-1.1250901747877011,1.4736649735737148,-0.7305652849077063,-0.13173882582651592,0.021280432628139615,0.120416216705284,-0.7343984421093854,0.6815821327156534,1.917
0.7305703353367188,0.5124621340420246,0.028303774374995618,-0.15645306062574427,-0.8288467224305669,-0.06661570161621107,-0.6737444763790187,0.5417650314126701,2.158
-0.5145647591497985,0.832863080552588,-0.633776946811823,-0.007587690777575211,0.4585923736508681,-0.092006102157146,-0.7297327524378198,0.646627857389904,2.135
-0.17296252144211877,1.313464500318433,-0.3090710868978397,0.0020854327239583303,-0.3416340412496433,-0.03560178269734536,-0.7483955111240856,0.6066801141604813,1.57
-0.3578571969756781,1.313464500318433,-0.1874530900090354,-0.25840518996895534,-0.29445515964553154,-0.04426554075310623,1.51912966925727,-0.8564059816171627,1.087
-0.11333798486515811,-1.1696428351384331,-0.3842112654904162,0.06171324467794781,-0.08215019242702852,-0.029964878217852046,-0.8976975806142162,0.7914384265965678,1.885
-0.6777729410400842,-0.28854023223438385,-0.12065617390639859,-0.13732836336698148,-0.6274291894283974,-0.08486474137853427,1.3138393237083417,-1.6503673783019521,2.492
2.4258999870517783,0.5925623706696654,0.6456038519295026,-0.21435519815322251,0.10928719254350197,-0.07690667467496129,1.080554840130013,-1.4755960016732266,4.705
0.4360709486871558,-1.0895425985107923,-0.8047730117169392,-0.48836068621909895,-1.1708936140603774,-0.16047703896617632,0.8192762185222836,-1.2658703497187516,1.75
-1.1729922823682977,-0.5288409421173064,-0.24487564816044627,-0.02141032703055204,-0.31532274189350407,-0.1543037308749991,-1.0143398224033806,0.951229399514259,5.00001
-0.23706289454496363,1.0731637904355105,-0.36549909376737255,0.17983581090475165,-0.7127140907896764,-0.06633021985367155,-0.6830758557221533,0.6016866462568008,1.784
-0.5673689734016016,0.11196095090382036,-0.5106614215664437,-0.07912519966939495,1.1780703181135728,0.29597285359284675,-0.8463749942269841,0.7464972154634646,1.368
-1.1269551066734862,0.832863080552588,-0.14357455756335008,-0.09071692349623237,-0.2382034161944752,-0.011449170367963163,1.0665577711153127,-1.38571357940702,0.915
0.35523947238040954,0.5925623706696654,-0.011804038758987249,-0.13079750102139226,-0.28810415635267034,-0.08285234278876681,-0.8883662012710817,0.6316474536788697,3.5
-1.4780951388827532,0.1920611875314612,3.0108587239963223,4.24831052220687,-1.1944830548624332,-0.08944576182835716,2.7322089838645804,-1.091098973090026,0.342
-0.6557134610196539,-0.1283397589791022,-0.6109978964490532,-0.003179285839251908,-0.05856075162497263,-0.17913500302416865,0.9639125983408485,-1.2808507534297862,1.817
1.0029569581976856,-0.36864046886202473,-0.2339342313851459,0.27322176423148364,-0.32076645900167083,-0.1855037205527301,-0.7857210284966175,0.561738903027378,5.00001
-0.6889092485866302,-1.0895425985107923,-0.010520672146126312,0.11716943447563724,-0.5938596005947024,-0.024584350714005165,1.5144639795857044,-1.1809813953562256,0.917
1.2229656369521718,-1.0094423618831516,-0.9221657743928564,-1.1287962982132658,-1.2371255055430728,0.052869897646498853,1.0852205298015787,-1.2359095422966828,2.5
2.0625579719326597,0.7527628439249472,0.45434127403348795,-0.10224888037049905,-0.2699584326587812,-0.08268976702529496,-0.7017386144084192,0.6965625364266808,3.609
0.01827292250311028,0.3522616607867429,-0.3714975370648549,-0.02978101501289186,0.3043537222528103,0.1334875247745375,-0.8603720632416845,0.6765886648119729,1.651
0.8913807476595667,-0.769141652000229,0.4928284097563363,-0.1954700015215477,-0.22913055434753063,0.007019761756260973,-0.6830758557221533,1.1359877119503456,1.371
-0.40016450889891886,-0.36864046886202473,-0.11590630176332571,-0.04005082463510275,2.2405024403907827,-0.06777222193843045,-1.3502694787561735,1.2708113453496483,1.873
0.41427788750755196,1.0731637904355105,0.17839666450952893,0.023458389060460362,-0.3679453406057826,-0.11058876484458553,0.4413553551253932,-1.1610075237415176,3.01
-0.6325350218677525,-0.5288409421173064,-0.17390675774687236,0.047833007445097,0.12561834386800222,0.0187346878122883,-0.7297327524378198,1.1909158588908029,0.847
-0.7587642686513265,0.1920611875314612,-0.536074021592062,-0.1555842623466878,-0.3307466070333098,0.17442454730002907,-0.7530612007956513,0.7015560043303612,1.255
-0.0007493827318984764,1.874166156711919,-0.28487114004469527,-0.0532793973291096,-0.13658736350869596,-0.0548876154799593,-0.7110699937515539,0.656614793197258,2.382
-0.9974222662636643,0.5925623706696654,0.010243224338914706,-0.26668767074702016,-1.071092133743987,-0.006506442468684908,-0.7204013730946851,0.7764580228855334,2.26
0.3544934996260958,-0.20843999560674303,0.032614575057010396,-0.1901375102759779,0.48218181445292396,-0.05253214361083495,-0.8883662012710817,0.7914384265965678,2.4
0.13938692754281623,0.031860714276179515,-0.018954187315772888,-0.07079826328089957,0.5520428506743972,-0.03200985293844632,-0.6597474073643218,0.49682382027956684,2.302
0.08487763270972387,-0.36864046886202473,0.22895963673543793,0.046503482805934665,-1.1636353245828217,-0.06498445825806547,1.6031120833454682,-1.670341249916667,1.663
1.0067401057374212,-0.20843999560674303,0.33573068936183026,-0.25272819598145746,0.45496322891209023,0.03615690421366946,-0.9163603393004821,0.8014253624039218,2.609
0.6056198989891114,-1.329843308393715,0.7668018863535744,0.00708991125993611,-0.3570579063894491,0.02589579368207445,1.3045079443652072,-1.2159356706819748,2.812
0.8608491485008547,-1.4900437816489966,0.45447111594336403,-0.17844223780961374,0.8015465514653729,-0.024826677727621326,-1.074993788133744,1.1809289230834488,3.257
-1.1140071510093208,1.1532640270631513,-0.5571405358817878,-0.12510016169161636,-0.38427649193028285,0.19895303468017214,-0.7483955111240856,0.7015560043303612,1.34
-0.09729957064740555,1.7940659200842781,-0.1752123421035439,-0.14063636009562747,0.3324795939783385,0.040420022481842705,0.9685782880124142,-1.4356482584438037,2.25
-0.47412237911234273,-0.769141652000229,2.528885508654648,2.381148749174392,-0.6156344690273694,-0.05662515828881063,1.2205255302770088,0.1372941312147547,1.148
-1.1672909191746117,1.4736649735737148,-0.21142020486673635,-0.08029264363706756,0.024002291182222985,0.0002971437663579191,1.0852205298015787,-0.8514125137134823,0.66
-0.29940490329835395,-0.20843999560674303,0.07506494016654278,-0.16369007385641754,-1.0066748146306805,-0.06345211887089286,2.2563086373647883,-1.375726643599666,1.016
1.7809532571790974,-0.8492418886278699,0.061850447687941824,-0.31776793005356596,-0.9150389099765404,-0.019037017602802523,0.7212967354193851,-1.260876881815071,2.733
0.9927797584781151,0.5124621340420246,0.18437823608523723,-0.26867206400717264,-0.42056793931806113,-0.006552466675130231,-0.7297327524378198,0.8263927019223101,1.994
-0.8808906652861732,-0.04823952235146133,-0.5134753971721744,-0.05473032186168549,-0.9041514757602069,-0.06361006343702096,-0.7390641317809511,1.1959093267944763,0.819
-0.9141930203894799,-0.9293421252555106,4.642649732121369,6.546840277183729,-1.1409531699654603,-0.049839271577727634,1.7524141528355988,-0.25718983317580685,0.839
-0.26866016906698104,-0.6890414153725881,0.14748061510451133,-0.10391073036736202,0.02218771881283407,-0.04588151983229339,-0.757726890467217,1.24584400583126,1.228
-0.5977940050239828,-0.9293421252555106,0.494176385306888,0.4592562825387519,-0.47137596566095075,-0.025483532496181214,0.8985929429389162,-0.22223555785005747,1.131
-1.2505734488169613,-0.6890414153725881,-0.34644954450073817,-0.243822284104077,0.04124072869141768,0.2037329168988171,0.45068673446852453,0.01745090152647924,0.547
0.01827292250311028,1.6338654468289964,-0.19845112296423437,-0.23901376981410186,-0.8714891731112064,-0.061662371328745226,0.9965724260418147,-1.2958311571408205,1.406
2.990015240617713,0.6726626072973063,1.2462916291922195,0.15039027508939032,-0.40332950180886645,-0.05735949124556867,-0.5617679242614233,-0.027490309606616956,5.00001
-0.7039885549774075,-0.44874070548966555,-0.8514241099985295,-0.18723731831024668,1.4928986242025495,0.1708113496017004,0.5859917349439548,-1.0761185693789916,1.369
0.13427168579894838,1.393564736946074,-0.25623077564379837,-0.09144502090338855,-0.5911377420406191,-0.0853240077021096,1.0758891504584474,-1.375726643599666,1.426
0.6652977193342372,-0.28854023223438385,-0.41859297312078114,-0.29106676506409557,0.1065653339894186,0.15515210090885165,0.8519360462232498,-1.2758572855261054,1.734
0.6557599248326501,0.3522616607867429,0.1543239861089805,-0.21222472529057881,0.28167156763544887,-0.010683591444477688,0.7586222527919203,-1.1610075237415176,2.556
0.17604616004053658,0.7527628439249472,0.007933978256595782,-0.25494519234178153,0.9412686239083193,-0.08695202494496436,1.0945519091447131,-1.4955698732879343,3.369
1.3485554785177623,0.11196095090382036,0.03658405851698655,-0.2693583333429753,0.07027388660164031,0.013995999130018864,0.7866163908213175,-1.2009552669709405,3.305
-0.43964778110939945,0.6726626072973063,-0.24530258291080145,-0.09256356908207866,0.5620229987060362,0.015151626872189407,0.7866163908213175,-1.1460271200304832,2.703
-1.0945052918608242,-0.28854023223438385,-1.525051110611557,-0.06478315612310413,1.2406730648574904,0.07278635116931309,-0.74372982145252,0.6516213252935845,3.25
-0.048331787703503305,-0.44874070548966555,-0.009686652088957273,-0.0827806912912941,0.5593011401519529,0.06975208706444123,-0.86503775291325,0.8813208488627673,2.119
-1.4398906771082396,-0.28854023223438385,-0.793858515128754,-0.37459323017955426,-0.5693628736079521,0.08301131315938236,-0.7903867181681832,0.6616082611009385,1.0
-0.09271716658519057,-1.0895425985107923,3.620642902212469,3.604501349294733,-0.8996150448367346,-0.13085233005662222,-0.8603720632416845,1.5454520800519345,0.9
-0.5589501380314857,0.43236189741438374,-0.40100287580171806,-0.16492185399847675,-0.18558081748219665,0.017463249669475003,1.3558305307524392,-1.0761185693789916,1.308
-0.6344532375217029,0.11196095090382036,2.3235627818206024,2.17265681491482,-0.8333831533540392,-0.08788458605096156,1.6777631180905352,-0.23222249365741848,1.238
-1.3315647764282035,-1.730344491531919,-0.2554728120471029,0.19414832070066998,-0.5630118703150909,-0.10322291755882,-0.8697034425848157,1.1959093267944763,1.693
1.380206036807945,0.11196095090382036,0.6696966508453391,-0.491764063963363,-0.6247073308743141,-0.034747772195086866,-0.7670582698103516,0.6116735820641618,4.925
0.659223369763394,0.43236189741438374,0.027113948305392897,-0.21490151547853076,-0.19011724840566896,-0.08651732149724016,1.0665577711153127,-1.470602533769546,3.339
-1.3918287182231475,-0.04823952235146133,-0.9535817699911252,-0.22034822772404863,-0.1293290740311403,0.029073084286671852,-1.3502694787561735,1.2408505379275794,1.05
-0.6695139569744643,-0.8492418886278699,-0.7102431448793326,-0.04145299359188727,0.6082945941254535,-0.028319883208928327,-0.6737444763790187,0.561738903027378,2.308
-1.1029241272309402,0.5925623706696654,-0.6489242229704036,-0.004316108252182639,-0.10211048849030659,0.2570598386715253,-0.7810553388250518,0.6616082611009385,1.026
-0.4279786358812007,-0.20843999560674303,0.2963889037930017,-0.018074649667316187,-0.3869983504843662,0.025562086720649583,0.33871018235092576,0.012457433622805828,1.263
-0.5266601745233195,-1.9706452014148417,-0.43492833730947833,0.008359879365149342,-0.8506215908632339,-0.22271107426193962,1.1085489781594136,-0.8613994495208361,0.875
-0.8632537380234618,1.7139656834566372,-0.028434865131758354,-0.036458854677773433,-0.6963829394651762,-0.09817609318628968,2.83951984631061,-1.5305241486136838,0.632
-0.28144827342665085,0.7527628439249472,-0.36226463904814193,-0.1681039526987968,0.9276593311379026,0.25056800268611606,-0.8930318909426506,0.8563535093443789,1.591
0.23806846618493493,-1.0094423618831516,0.19554403107250887,-0.21371403407004844,0.052128162907751165,0.055442115731717534,-0.4637884411585248,-0.4469416135155668,1.507
3.0614154899592028,-0.1283397589791022,1.0249509123666467,-0.14627584279681258,0.682692061270399,-0.023230217172083005,1.029232253742781,-1.2309160743930094,4.694
-0.09133178861289315,-0.04823952235146133,-0.13555669665023634,-0.3064759460420025,-0.3733890577139493,0.07479609248962307,0.5533319072429886,-1.091098973090026,2.11
-0.17045818433835003,-0.769141652000229,-0.27585159505675616,-0.22977967467245933,0.7171689362887884,-0.03776451754389063,0.954581218997714,-0.7215823482178529,1.45
-1.075962540539303,0.43236189741438374,-1.1232379309590048,-0.03275677187608124,1.0864344134594326,0.048391587295734215,-0.7250670627662508,0.6316474536788697,2.111
1.3075269770304883,0.43236189741438374,0.3706440498673806,-0.1922971262957215,0.26171127157217083,-0.03708656724684011,0.9079243222820508,-1.4156743868290889,4.5
-0.6496923952169761,-1.730344491531919,0.028707280607295858,-0.0979276492820391,-0.04948788977802806,-0.0431329413904097,0.8192762185222836,-0.6316999259516534,1.038
-0.6643987152305965,1.313464500318433,-0.3210758797329392,-0.11850298920756051,-0.8596944527101785,0.09903828930107707,-0.7343984421093854,0.741503747559784,1.993
-0.9259687331540093,1.1532640270631513,-0.5331371650100403,-0.1328425646068902,0.2517311235405318,0.1557050416863729,-0.7483955111240856,0.6915690685230074,1.533
-0.9178163166247199,0.43236189741438374,-0.41202847852353386,-0.11950448768104358,-0.11299792270664008,0.014636055212153623,0.7912820804928864,-0.5118566962633779,0.689
-0.6477741795630256,-0.8492418886278699,0.08136636086317645,0.23415638901908456,-0.13477279113930704,-0.08628757798425495,-0.7903867181681832,1.520484740533546,0.682
0.6988664932783708,0.5925623706696654,0.14489786092722245,-0.03596503124037059,-0.3116935971547262,-0.06197796958703063,-1.2336272369670092,1.15096811566138,3.878
2.115948307634281,-0.9293421252555106,0.7854042724145213,-0.15263618597289377,-1.114641870609321,0.17992672322240447,-0.7997180975113177,0.9911771427436817,2.442
-1.2618163238998377,0.6726626072973063,0.03448379088022277,0.3023040233807018,-0.9567740744724854,0.12358251118923742,-0.30048930265369395,-0.501869760456024,1.063
-1.0525176825465752,0.7527628439249472,-0.1754768854981301,0.024544882313969098,-0.21642854776180823,-0.011318262466611436,-0.7017386144084192,1.1309942440466652,0.894
1.5592394978433224,1.874166156711919,0.4212425721157339,-0.04529046529913378,-0.6301510479824808,-0.10934849840382294,0.8426046668801185,-1.2858442213334667,5.00001
-0.9789860824784736,1.7940659200842781,-0.2103091051663919,0.06702801942299806,0.3651418966273389,-0.0032762782850761247,1.113214667830979,-1.1610075237415176,0.877
-0.3245015581042059,0.9930635538078697,-0.6353523357180458,-0.10201440396084875,-0.5112965577875068,0.05258469714015561,0.7819507011497518,-1.1560140558378371,1.848
0.7289718222917599,-0.04823952235146133,0.521941613722533,0.11657725202294349,-0.6718862124784258,0.010653899257561288,0.7586222527919203,-1.1560140558378371,2.409
-0.07289560482770241,0.832863080552588,-0.20929371153335388,-0.11665578091202476,0.12561834386800222,-0.13894330369747748,-1.3549351684277393,1.2009027946981568,3.615
0.15419981509276712,1.874166156711919,0.11231090892447267,-0.051297646748030126,-0.3615943373129214,-0.10304087183944793,-0.8463749942269841,0.6965625364266808,2.684
-0.8440715814839571,1.874166156711919,-0.1733273515187575,-0.23671000067769335,-0.4114950774711165,-0.1052853901181692,2.400945017183353,-2.289531269972731,0.927
0.2898070050734325,1.393564736946074,-0.11496524569588115,-0.16381770408800442,0.12108191294452993,0.013865234984206352,0.9639125983408485,-1.4356482584438037,2.706
-0.8342673681415437,-0.6089411787449472,0.01501420676462742,0.1395702075472743,-0.20009739643730798,-0.08089572137861889,2.9421650190850777,-2.2795443341653767,1.224
-1.2211608087897206,-1.249743071766074,0.09347003089145546,0.364849848124279,-0.6292437617977863,-0.10125022785242278,-0.6970729247368536,1.6203540986071066,0.574
-1.2091719609525302,0.7527628439249472,-0.6066456622789013,0.315362909836471,-0.6800517881406759,0.1584755960024029,-0.7950524078397521,0.646627857389904,0.897
-1.016071585121516,1.1532640270631513,-0.8878856847225677,-0.042520030019049096,0.07027388660164031,0.05524214076227426,0.9965724260418147,-1.3257919645628893,1.125
0.12926301159141138,1.6338654468289964,0.0743580610881789,-0.15178140916593627,-0.07670647531886178,-0.0075905228652910816,-0.7857210284966175,1.0910465008172423,1.144
-0.7386230042848466,-0.44874070548966555,-0.006681074489318267,-0.20944415411188866,-0.9712906534275967,-0.06805491477316485,1.1878657025760428,-0.7565366235436023,1.05
0.09537453503828631,-0.9293421252555106,0.16248243078245966,-0.21051088331725817,-0.08940848190458418,0.047820832702776275,0.4413553551253932,-0.022496841702943544,0.88
-0.8040554715918237,0.031860714276179515,-0.973830435345,-0.05415898351394595,0.7489239527530944,0.002009385102779336,-0.7250670627662508,0.6416343894862235,1.725
0.6387624027879226,0.5925623706696654,-0.45289917956183506,-0.3939230749987636,-0.9685687948735133,-0.060087558724811675,-0.8183808561975836,0.7215298759450762,2.258
2.2744675179260216,-0.9293421252555106,0.7721727882114281,-0.2019090718327832,0.33520145253242184,-0.013367174329475737,-0.9396887876583137,0.8813208488627673,4.104
-1.041860928913517,0.11196095090382036,-0.6611011988298352,-0.18797815545600385,-0.3788327748221161,0.11086883651099383,1.0012381157133803,-1.3257919645628893,1.375
0.04949721064797084,-0.8492418886278699,0.31289262647474086,0.21383090261003246,-0.2726802912128646,-0.04260572519366725,1.27651380633581,-1.6753347178203475,2.625
-0.6477741795630256,-1.0094423618831516,-0.5789731052365947,-1.1806477591405835,-1.2607149463451286,-0.034232374137195196,-0.8277122355407183,1.1759354551797683,5.00001
0.8895690995419467,-1.730344491531919,0.7879833172704536,0.09363932275321936,3.3328750067629094,-0.003966025604964517,-1.2336272369670092,1.3956480429415972,2.21
0.4637252243649421,-0.1283397589791022,0.4545048189271476,-0.16247361729507276,0.8813877357184852,-0.022565636281283514,-0.7717239594819172,1.1260007761429915,1.335
-0.23455855744119486,0.43236189741438374,-0.1307700941432059,-0.11057940109178956,0.10475076162002969,0.06384869437174706,-0.7204013730946851,0.7864449586928873,1.763
1.2582927752457596,1.1532640270631513,0.36258781682358004,-0.26341329515044665,-0.7689658342407327,-0.07281169600506986,-0.7810553388250518,0.5817127746420929,3.659
0.010173789741986013,-1.1696428351384331,0.1075449106542106,-0.3193789566035295,1.2615406471054629,-0.017716257403684883,0.954581218997714,-0.6966150086994646,1.744
0.35715768803436027,-0.5288409421173064,0.0857544432748052,-0.10747354161771143,0.014929429335278412,-0.03147524472070666,1.2858451856789412,-1.6553608462056326,2.968
-0.03245322479024672,-0.1283397589791022,-0.26531931022806166,-0.12822237301512873,0.24810197880175394,-0.0179559979267115,-0.6644130970358875,0.5018172881832473,2.584
-0.3221570723049331,0.5124621340420246,0.42848037482810397,0.08699355136223176,-0.3824619195608939,0.06656939427619309,1.4211501861543716,-0.8963537248465856,0.84
1.39123577681816,-0.44874070548966555,0.7155698306248921,0.21019142808629046,-0.6882173638029261,-0.030200142272513178,0.6793055283752877,-1.1610075237415176,3.566
-0.2015226211787146,0.5925623706696654,0.12298680847996384,-0.07956673591930816,0.2880225709283101,0.023874967198489663,1.0898862194731442,-0.8763798532318706,0.846
-1.005787817865615,0.9930635538078697,-0.6496690440997788,0.0055866837068267484,-1.0030456698919028,0.03571450514810437,1.0712234607868782,-0.8663929174245167,0.45
-1.265173201294251,0.7527628439249472,-0.6561102587930101,-0.17060747136081508,-0.18467353129750222,0.11364459608180176,-0.7157356834231196,1.1309942440466652,0.64
0.01827292250311028,0.6726626072973063,-0.25598394642744715,-0.3262819859356935,-0.5575681532069242,0.0469118105540249,-0.7343984421093854,0.7015560043303612,1.485
-1.173205417440959,0.031860714276179515,-0.3454020075277261,0.14720052286768237,0.5429699888274526,0.6822503750447222,-0.7810553388250518,1.0960399687209228,1.55
-0.6038150708266606,0.031860714276179515,-0.7368208066662094,-0.09935509833920265,0.16553893599455832,-0.20066773195581802,0.8705988049095157,-1.3407723682739239,3.238
-0.39616822628652215,0.1920611875314612,-0.024765032017624204,-0.0036654823390806827,-0.39607121233131076,-0.014965000722265188,1.3931560481249743,-0.8613994495208361,1.5
-0.2185201432234423,1.6338654468289964,-0.21756856094822039,-0.11368165937959002,-0.6020251762569526,-0.0203749735240698,-0.7530612007956513,0.6166670499678352,1.302
1.123857828164731,-0.28854023223438385,-0.11670895126485456,-0.2790186452772256,-0.6655352091855646,-0.07945809841855243,-0.8043837871828834,0.5867062425457663,3.458
-0.9766948804473663,-0.6890414153725881,-0.454593619215271,0.0007125822467452915,0.021280432628139615,0.014730441362514477,-1.3502694787561735,1.24584400583126,1.183
0.22474752414361251,0.6726626072973063,0.20586790384315118,-0.29294341923650535,-0.6709789262937313,-0.08236472492171543,1.0478950124290467,-1.2359095422966828,3.106
-0.3956353886048693,-0.8492418886278699,-0.2651557775940313,-0.03254654806516953,0.13832035045372462,0.14393154520826001,-1.1356477538641108,1.1659485193724144,1.113
-0.7776800063500047,-0.6089411787449472,-0.6910469612579364,-0.047693337878692406,-0.6737007848478147,-0.18102289500532476,-0.8230465458691493,0.6316474536788697,2.375
-0.7448039213920203,1.874166156711919,-0.7387766419248903,-0.26905174275450466,-0.44506466630481145,-0.1493457818638985,-0.7250670627662508,0.646627857389904,2.288
-1.1183764199988746,-1.6502442549042784,-0.2715400646706522,0.11669388097983274,1.1535735911268223,0.12187930039792562,0.06810018140006514,0.16226147073314304,0.622
0.012944545686581307,0.11196095090382036,0.26083479267912657,-0.08005168682140952,0.07208845897102922,0.016369364057065454,1.4211501861543716,-0.9063406606539395,0.884
3.7885257903427614,1.874166156711919,0.6279155935120055,-0.21068510202531654,-0.6764226434018981,-0.05461149193977706,0.8472703565516841,-1.2858442213334667,5.00001
1.333476172126985,-1.0895425985107923,0.7938248262065232,-0.05777044200681606,0.8033611238347619,-0.01304211370618993,-0.7950524078397521,0.8313861698259907,3.505
-1.0714334202452533,-1.5701440182766375,-0.6888157818884457,0.006695112599356969,0.31887030120792165,-0.0424353328135631,-1.3642665477708737,1.2208766663128716,1.375
-0.8475883101828664,-0.6890414153725881,0.43988013132105686,0.6938526229237442,-0.11299792270664008,-0.17455715672068742,-0.9116946496289166,1.5354651442445806,2.481
-0.2559786322436418,-1.4099435450213558,0.3056897050427321,-0.012851685475092111,-0.7762241237182884,-0.03294262192403212,1.6917601871052355,-0.8264451741950939,1.625
-0.12362175212105941,-1.4900437816489966,0.3653298944997654,-0.030701596066099235,-0.5457734328058962,-0.02109600900312672,1.589115014330768,-0.7465496877362412,1.821
0.551110604156019,-0.6890414153725881,0.43330688463358796,0.011099528301798342,-0.5140184163415902,0.060376420973534115,-1.3036125820405071,1.9898707234792727,0.908
0.7775133350903399,0.3522616607867429,0.2567682593129998,0.049689440466599503,-0.7871115579346218,-0.06171472864348386,-0.8230465458691493,0.5966931783531273,3.594
-0.7254619135480197,-0.20843999560674303,0.2887315742493175,0.11307468080968901,-0.40060764325478304,-0.04440157427944255,2.3636194998108215,-1.6853216536277016,0.888
-0.9449377546208528,1.2333642636907922,-0.0341547429510294,-0.16781588902697817,-0.32167374518636527,0.10049267819569017,-0.7810553388250518,0.6366409215825501,0.998
-0.9934792674194328,0.27216142415910205,-0.8214976793374346,-0.243822284104077,-0.6174490413967584,0.21298478633066406,-0.7390641317809511,0.6915690685230074,1.375
-0.30521283402837057,1.6338654468289964,-0.42174266749621653,-0.12857521551037873,-0.029527593714749997,-0.12079379610705229,0.9872410466986801,-1.4456351942511576,3.457
-0.6844334120607457,1.0731637904355105,-0.5133029440177129,0.005300821121194416,0.6854139198244824,0.29337759232010385,1.0385636330859123,-1.3357789003702432,3.714
-0.9643863300011839,-1.81044472815956,-0.24170972883709468,0.08113103267998388,2.376595368094951,0.06476246219202719,-0.7204013730946851,1.0610856933951733,0.911
-0.9074259818324879,0.11196095090382036,-0.8322952623625024,-0.22621677159028214,1.3069049563401858,0.095337625267108,-0.692407235065288,0.7165364080413957,1.423
-0.8593640229473957,0.6726626072973063,0.31020790121371933,-0.37459323017955426,-1.2307745022502115,0.03253510154422712,0.935918460311448,-0.6866280728921106,2.25
-1.0696217721276335,1.874166156711919,-0.923119087362735,-0.10789864528874438,-1.1718009002450718,0.0012384655359278006,-0.7530612007956513,0.666601729004619,3.125
-1.1336155776941477,0.7527628439249472,-0.4123945297994054,-0.06884046969390797,0.2589894130180874,0.18792538770596048,-0.7670582698103516,0.666601729004619,1.082
0.03159386454443295,-0.28854023223438385,0.13181267340332897,-0.008927467534511247,0.19275752153539205,-0.08334005003779156,1.2391882889632748,-1.3657397077923121,1.873
0.7519371263710003,1.7139656834566372,-0.26957135031136686,-0.10492057526979819,-0.43871366301195025,-0.17798864052715158,0.9872410466986801,-1.4306547905401232,3.766
0.6330077558260709,-0.20843999560674303,0.24812812808688214,-0.3486611809904595,-0.10664691941377888,0.06571477793111295,-0.9163603393004821,0.8114122982112757,2.65
-1.4026453231607015,0.832863080552588,-0.08197152642798412,-0.09935509833920265,-0.8651381698183452,0.11329298703510077,-0.813715166526018,0.666601729004619,0.926
-0.8791323009367187,0.27216142415910205,0.15932634154431224,-0.08124649339180434,-0.5085746992334235,0.015014283771208482,0.4320239757822586,-0.04746418122133189,1.1
2.4668752047708873,1.874166156711919,0.6486821526402793,-0.3333138029991083,-0.6873100776182316,-0.03757715906433584,0.9032586326104819,-1.4006939831180545,5.00001
1.5756508984382316,-0.36864046886202473,0.4762284089496,-0.2806745643426535,-0.7426545348845934,0.03590355076779435,-0.7717239594819172,0.8114122982112757,3.25
-0.4562723167769703,-1.4099435450213558,0.11420775163554926,-0.014127547021760462,-0.07035547202600058,-0.0883254527830691,0.3200474236646599,0.10733332379268583,1.32
0.28165458854414305,1.2333642636907922,0.08112899168808098,-0.20587680882034043,0.009485712227111668,-0.06881667269086336,0.6373143213311869,-1.0012165508238196,2.34
-0.055578380173982776,0.43236189741438374,-0.1880127198166136,-0.14905905790780305,0.08660503792614055,0.03125408102579983,0.8799301842526503,-1.2309160743930094,1.904
0.6769668645624362,-1.9706452014148417,0.7929982095814109,0.04317554224952322,-0.3733890577139493,0.01685925942771927,-0.5384394759035884,1.160955051468734,1.709
-0.4220641376148535,0.43236189741438374,0.009364695089343192,-0.06024952498560164,-0.2699584326587812,-0.03610448178865468,-0.14185585382042878,0.27211776461405746,0.685
-0.3728299358301247,-0.1283397589791022,-0.3955795226562174,0.6813382027593943,-0.9186680547153182,-0.13098289756462148,-0.8277122355407183,0.8064188303076023,1.675
0.818435269041283,0.031860714276179515,0.16643306912235814,-0.1128421895922091,-0.1765079556352521,0.12958772985086564,-0.6644130970358875,0.5767193067384124,2.33
0.5621936279343996,0.11196095090382036,0.478271702553664,-0.16691412448911175,-1.0964961469154317,0.0209749743537818,0.9219213912967478,-0.6466803296626878,1.425
0.8637264719817808,-0.9293421252555106,0.027387400408183365,-0.12181185141918986,-0.04313688648516686,-0.062255578073664546,-0.8043837871828834,0.8413731056333446,1.903
0.5891552146260365,-0.20843999560674303,0.10963115119547308,-0.23728125913933182,-0.13023636021583476,0.05114734710818715,0.884595873924216,-1.2309160743930094,2.238
0.6112679784146323,-0.04823952235146133,0.44721001072075234,-0.08206824524885276,-0.5221839920038404,0.004515177697107436,0.9452498396545826,-1.1460271200304832,2.294
1.196323752869526,-0.6089411787449472,0.26948337165176134,-0.15349172156973806,2.104409512686614,-0.07404155542098041,1.080554840130013,-1.2508899460077172,2.66
0.11817998781303067,-0.6089411787449472,0.40336019712756177,-0.2210590341869772,-0.2400179885638641,-0.0016498460046610952,-0.7950524078397521,1.0960399687209228,1.368
-1.184767995132827,-1.5701440182766375,-0.718395127081326,-0.21621058589247483,-0.5611972979457021,0.16831906261423538,0.7679536321350515,-0.3720395949603947,0.563
-0.7746428315645832,-1.0094423618831516,-0.25595031773706645,-0.21786040510379848,-0.7807605546417606,-0.19491943227715144,0.9499155293261483,-1.29083768923714,0.833
0.23892100647557998,1.874166156711919,-0.13078753055678696,0.03821097602690299,0.01220757078119504,0.11672090987511727,0.9825753570271144,-1.4156743868290889,2.3
0.3267326564119791,-0.04823952235146133,-0.21649880276566796,-0.1486125576395485,1.6171968315056902,0.10729985473295249,-0.8463749942269841,0.656614793197258,1.922
-0.7215189147037882,-0.20843999560674303,-0.30526422728000546,-0.17042310937869093,0.27350599197319875,0.08634893250869995,1.080554840130013,-0.8364321100024479,0.683
0.07278221733620287,0.3522616607867429,-0.2869177512444247,-0.2739150688729464,-0.06763361347191721,0.018583253073967045,1.0898862194731442,-1.3807201115033465,1.313
0.3661093610861291,1.1532640270631513,-0.12809597159253008,-0.25342163432266746,-0.009567297651471936,0.02368110989730306,-0.6597474073643218,0.5667323709310584,1.818
-0.17147057593349055,-0.9293421252555106,0.0316058487580266,-0.12105009896759178,0.0621083109393902,-0.047019066242515055,2.2889684650657545,-1.2409030102003633,1.01
0.11343773244631994,-0.20843999560674303,-0.7012354936235129,-0.3029439387163516,-0.5639191564997854,-0.08088058381328223,-0.8230465458691493,0.6366409215825501,2.536
0.21041419050714907,-0.6089411787449472,-0.27331713426929927,-0.16468319659595282,-0.1610840904954463,-0.11838721327732117,-1.2242958576238745,1.1459746477576995,3.477
-1.1615895559809255,1.874166156711919,-1.2582085962750291,-0.42852280439916907,-0.8143301434754556,0.36663093469591174,-1.3689322374424395,1.2108897305055106,1.375
-0.5050269646482114,-1.0094423618831516,-0.13634547399035662,-0.1693725774786592,-0.13205093258522368,-0.12492707278135937,-0.5291080965604571,1.1260007761429915,1.156
-0.5145647591497985,0.43236189741438374,-0.08244336336989118,-0.15182288567766655,-0.46230310381400613,-0.01743626907337073,0.5206720795420225,-0.1473335392948924,0.745
1.8814997277070016,-0.20843999560674303,0.02667854093934244,-0.1407379038760459,-1.1209928739021822,-0.048649203145443055,1.010569495056515,-0.8114647704840595,2.125
-0.5145647591497985,-0.9293421252555106,-0.4090119375238387,-0.1071132519593025,-0.5602900117610076,0.08244403912085736,-1.4389175825159375,1.2608244095422945,1.345
0.8661775253173841,0.5925623706696654,-0.009851561644038704,-0.3169897249283011,-0.7598929723937882,-0.059209880898721076,-0.7717239594819172,0.5867062425457663,3.267
-0.8747097481789994,-1.0895425985107923,-0.5144457335879435,0.0028285984094635324,1.7959322098904982,-0.11664055899362963,1.080554840130013,-1.3807201115033465,1.333
1.2785938909167356,-1.249743071766074,0.45748994034797913,-0.12912806498154514,1.3323089695116306,0.02961162030451381,-0.9396887876583137,0.9462359316105785,2.574
0.8042085029411504,0.5124621340420246,-0.008104192539406767,-0.21803132421511331,0.13469120571494678,-0.003546518011041231,-0.6690787867074531,0.5817127746420929,2.105
-0.45211618286007754,0.5124621340420246,-0.28560680365968333,-0.13796935418969755,0.5275461236876469,0.1199719171681161,-0.7810553388250518,0.7365102796561106,1.635
-0.8142859550795596,0.7527628439249472,-0.3955795226562174,-0.2939877772834514,-1.1182710153480988,0.03170421740241383,1.6217748420317342,-1.80516488331597,0.7
-1.3715276025521717,-1.730344491531919,-0.8535576654436215,-0.09066385709399087,-0.21915040631589158,0.16092437984037097,-1.4482489618590721,1.2658178774459679,0.675
0.32273637379958214,0.43236189741438374,-0.13818252084242202,-0.218434518016164,-0.4740978242150341,-0.12661116869538863,-0.687741545393719,0.5717258388347319,3.531
0.6962023048701063,-1.0094423618831516,0.5065907599051889,-0.26877191801105926,0.5094003999937576,-0.01015898984983794,0.9405841499830137,-0.6866280728921106,1.884
1.1065938872791765,0.7527628439249472,0.3392223416852405,-0.023360634226655942,-0.3997003570700886,-0.008158200100000375,-0.7157356834231196,0.771464554981853,4.169
-0.9163243711160917,1.313464500318433,-0.8098044945110963,-0.25221624036040424,1.3059976701554912,0.21296325470725902,-0.74372982145252,0.6815821327156534,1.44
-1.0188423410661112,-0.20843999560674303,-0.49231202534548424,-0.05505386135515625,1.2216200549789067,0.021146258565924725,-0.6317532693349213,0.1372941312147547,1.605
-1.2540901775158704,-0.1283397589791022,-0.6042018520465937,0.07662671248751925,-0.2608855708118366,-0.043698518467139034,1.113214667830979,-1.1809813953562256,0.871
-0.060214068004363165,0.3522616607867429,-0.2668615903462067,-0.07062653912354298,-0.39425663996192184,-0.0407337727793054,-0.7530612007956513,0.5817127746420929,5.00001
-0.6801174268393573,0.6726626072973063,-0.26762168139413217,-0.2383038170702014,-0.2554418537036699,0.07220852912304321,1.3884903584534054,-0.9363014680760083,0.598
0.32406846800371464,-1.0094423618831516,0.2224769407034735,-0.09487086429988562,0.22269796563030914,-0.012095664594368673,1.4211501861543716,-0.8464190458098018,1.456
0.9916607993466442,-0.36864046886202473,0.43589664498263603,-0.15695177340411176,0.7779571106633171,0.05513764910122224,-0.8463749942269841,0.761477619174499,2.867
0.0087351280015232,-1.5701440182766375,-0.26642263868357086,0.0860093577981767,-1.071092133743987,-0.16050489832065695,-1.3409380994130389,1.1909158588908029,1.438
-0.9283665027214474,1.2333642636907922,-0.5963522649220132,-0.09464157430254198,-0.04948788977802806,-0.01450109027910324,-0.74372982145252,0.6116735820641618,1.58
2.731429113711557,-1.329843308393715,0.8267103109714701,-0.2019301835387216,-0.5339787124048683,-0.03856678731257932,0.5579975969145576,-0.1373466034875314,2.139
-0.4312822295074489,0.11196095090382036,0.44840285801469487,-0.13553523299719564,-0.5321641400354794,0.02277300269174437,1.3325020823946077,-0.9562753396907162,0.879
-0.42190428631035753,0.3522616607867429,-0.43160326209164857,-0.12510016169161636,-0.1229780707382791,-0.02046158227790182,0.9405841499830137,-1.260876881815071,1.526
0.3709049002210055,-0.8492418886278699,-0.567865074795627,-0.12267067600396923,1.973760302090612,-0.1168730656402182,0.7912820804928864,-1.2009552669709405,3.074
0.08487763270972387,0.7527628439249472,-0.103839595895563,-0.07052062738449914,-0.7871115579346218,-0.0409677468059357,-0.8323779252122839,0.6216605178715157,2.486
-0.6219848357710248,0.1920611875314612,-0.6991041366151832,-0.12989557074500344,1.6879651539118579,0.29845094626447716,-0.8883662012710817,0.8513600414406984,1.585
1.551673202763851,0.11196095090382036,0.5989737917888828,-0.03742009388212999,-0.31985917281697634,-0.02171674536240309,-0.8183808561975836,0.8164057661149562,4.596
-0.39041357932467063,1.2333642636907922,-0.4966497637227365,-0.21123284564345227,-0.3543360478353657,-0.1315312810982182,-0.8697034425848157,0.7165364080413957,2.179
-0.18777540899206943,1.874166156711919,-0.2062700180571185,-0.12873215342477418,-0.0014017219892218202,-0.10060068082422097,0.9965724260418147,-1.450628662154838,3.372
-0.7956366362217077,0.43236189741438374,-0.059612090320132066,-0.06143221136929777,-0.06581904110252829,0.0054041907911411965,1.0665577711153127,-1.375726643599666,0.903
0.8637797557499459,-1.249743071766074,12.487047795102745,11.83564019000789,-1.0157476764776252,-0.09521333525956087,-0.6597474073643218,1.3557002997121743,1.478
-0.6020034227090407,0.6726626072973063,-0.45997104720666115,-0.07724867060726329,-0.21007754446894703,0.24027275468037712,-0.8090494768544524,0.6815821327156534,1.33
0.2209643766038767,1.7139656834566372,0.3850188031987216,-0.22578316329444098,-0.6864027914335371,-0.061802205633954756,-0.757726890467217,0.6266539857751962,1.943
0.29801270537088753,1.7940659200842781,-0.21893079600083715,-0.2827351642010894,-0.2744948635822535,-0.0563055874650363,0.9825753570271144,-1.450628662154838,3.184
0.777673186394836,-1.6502442549042784,0.5160996864223163,-0.019993047238258944,-0.24546170567203085,-0.012180419064806885,1.0898862194731442,-0.8813733211355511,1.917
-0.7226911576034246,1.393564736946074,-0.4478759055676382,-0.043904192657080746,-0.06218989636375046,0.01847398529815664,-0.8370436148838496,0.6865756006193269,1.582
-0.8190282104462705,-0.5288409421173064,0.3366941439590478,0.22375457618868047,-0.741747248699899,-0.05969303819704419,2.0183584641148937,-0.9662622754980772,0.73
-0.515737002049435,-1.6502442549042784,-0.6975063575942823,-0.10317666039383863,0.28439342618953223,-0.15598870880248628,-1.27561844401111,1.225870134216545,1.146
-0.7668101176442853,0.9930635538078697,0.05872951501222852,0.10154749652920189,-0.32167374518636527,-0.10352879199729384,-1.3549351684277393,1.1759354551797683,2.875
-0.9736577056619447,0.5124621340420246,-0.6534388658688538,-0.07825338446772463,1.3667858445300198,0.15379593377047174,-0.8090494768544524,0.6915690685230074,1.324
-0.5442971017860307,0.031860714276179515,-0.028637985792954065,-0.1432257264962956,2.3194363384592003,0.10121286889097891,-0.9163603393004821,0.9362489958032245,1.625
0.36237949731455893,-0.769141652000229,0.026256130808099683,0.15742949374497275,-0.7544492552856215,0.19465051861667151,0.7866163908213175,-1.1360401842231223,1.881
0.14194454841475038,0.031860714276179515,-0.22390105609219663,-0.2567019154246177,0.5810760085846198,-0.101323930203723,-0.86503775291325,0.6216605178715157,3.656
-0.40160317063938167,-0.6890414153725881,1.7796135826106587,1.1633958710564327,-0.9250190580081794,-0.09388821830925523,1.6591003594042693,-0.26218330107948024,1.969
-0.6810765346663324,0.5124621340420246,0.6298358194928225,0.30546784133558913,-1.1209928739021822,0.032323859813257645,1.080554840130013,-0.8014778346767055,1.469
0.9474352717694526,0.5124621340420246,0.4125079548165228,-0.0778368364327077,-0.5103892716028124,-0.061739245411957466,0.6233172523164866,-1.2309160743930094,4.047
-0.41066141122748134,0.832863080552588,-0.4648615427421377,-0.1917169433972848,0.21906882089153132,0.01995314168248349,-0.8370436148838496,0.7015560043303612,1.73
3.7934811807821345,-0.36864046886202473,1.1823423303018992,0.4621885547613723,0.27350599197319875,-0.1007488798745667,-0.9723486153592799,0.8813208488627673,5.00001
3.460617481053562,-1.8905449647872008,1.3894674561443543,-0.17210610213137306,-0.4849852584313676,0.0682992450396672,-1.27561844401111,1.2508374737349406,4.776
0.19490861397104958,1.874166156711919,0.1067756028391947,-0.19996853009515053,-0.2971770181996149,-0.07152460073697404,-0.692407235065288,0.7315168117524301,3.203
-0.28304678647160963,0.3522616607867429,0.02179170174398319,-0.2933758656327562,-0.2862895839832814,-0.10022573415854298,2.844185535982179,-1.5305241486136838,0.813
0.25879585200123306,-1.4900437816489966,-0.10406961315517683,-0.17918607164354716,-0.33891218269555995,-0.0176956215744833,-0.74372982145252,0.941242463706905,1.289
-0.912541223576356,0.3522616607867429,-0.6465363172099138,-0.09355506107819918,0.1619097912557805,-0.12394991511119897,-1.4062577548149713,1.24584400583126,1.398
-1.143419791036561,-1.0895425985107923,0.10432966419129132,0.24107583119586953,-0.48589254461606207,-0.049595556964649,1.9530388087129615,-0.9612688075943967,0.875
-0.6113280821379666,-0.9293421252555106,-0.7359379658106738,0.023966343562970716,-0.5675483012385633,-0.16071775413110873,-1.326941030398342,1.2807982811570022,1.602
0.8909011937460787,0.43236189741438374,0.05966440242942763,-0.11242819819733794,-0.13295821876991815,-0.07944324975186964,0.7492908734487856,-1.185974863259906,2.682
-0.1648633886809945,-1.0895425985107923,-0.36830958190606966,-0.0975770742317069,0.7906591172490395,-0.08282253395868296,-0.8697034425848157,0.7914384265965678,2.13
0.5178082490527122,-0.5288409421173064,-0.24807390482622893,-0.20135165977598976,0.0022274227495560094,0.16948216987323864,-0.687741545393719,0.21219614976991974,1.944
0.6720647578912294,-1.0895425985107923,0.45413947684398576,0.04915652971568454,-0.2400179885638641,-0.05591748565196501,-1.3036125820405071,1.1909158588908029,4.175
0.23806846618493493,-0.9293421252555106,-0.07545012253408424,0.22438145406189164,0.040333442506723216,-0.03868021120875757,-0.8976975806142162,0.7914384265965678,1.348
-0.23104182874228582,0.6726626072973063,-0.8304075303337107,0.06435709938896719,-0.31441545570880963,-0.18327303230664108,-0.7717239594819172,0.5517519672200241,2.675
0.5466880513982998,1.2333642636907922,0.23228280518677494,-0.0012095986107517197,-0.8079791401825944,-0.06986259198909657,-0.8323779252122839,0.7165364080413957,2.183
0.7770337811768525,-1.329843308393715,0.7312444958027021,-0.1018558254582003,-0.20735568591486364,-0.04393631675659464,-0.34248050969779475,-0.4319612098045324,2.268
-0.008688664188527007,-1.1696428351384331,0.18147928365791,-0.060767412678194396,0.3451816005640609,-0.08369400652403326,1.3045079443652072,-1.5904457634578215,1.8
-0.9830889326272011,0.27216142415910205,-0.7214947718533299,-0.269500700070955,0.3270358768701717,0.29271470369670427,-0.8043837871828834,0.6765886648119729,0.893
-0.3591360074116449,-0.5288409421173064,-0.4005714943373433,-0.25877459638863426,-0.41512422220989437,0.11847655163418847,-0.8370436148838496,0.846366573537025,1.139
-0.6287518743280168,-0.28854023223438385,0.0666011579273684,0.38866194326142023,-0.8116082849213723,-0.09220781408286911,1.5331267382719702,-0.20226168623534962,0.904
1.283123011210785,-1.0094423618831516,0.01666417152018625,-0.38633064972124687,-0.09485219901275092,0.10099427357055,-0.9023632702857819,0.8363796377296641,2.52
-0.28698978531584124,0.5925623706696654,-0.15834161913741876,-0.06045634737247198,-0.2935478734608371,-0.09175057667068708,0.954581218997714,-1.2508899460077172,1.957
-0.2306155585969633,-0.8492418886278699,0.04207310328931125,-0.09193221170808206,0.021280432628139615,-0.09916268106101396,0.954581218997714,-0.711595412410499,1.475
-0.7809835999762528,0.27216142415910205,-0.843749162391392,-0.12249387132754515,1.4275740189045485,0.2189839642927848,-0.86503775291325,0.7015560043303612,1.397
1.3383782787981917,-0.8492418886278699,0.37157065296094144,-0.229055606894924,-0.30897173860064286,0.007608577289829432,-1.2149644782807434,1.1559615835650534,2.783
0.010866478728134838,-0.8492418886278699,0.22582453020200458,-0.18303873644118138,-0.5285349952967016,-0.0502649932188036,-0.11386171579103159,0.2621308288067035,1.264
-0.15591171562922568,1.2333642636907922,-0.07001600457830241,-0.2227099395202308,-0.8696746007418175,-0.11920655071411064,-1.345603789084608,1.2408505379275794,2.031
-0.7378770315305324,0.832863080552588,-0.22216988343809177,-0.18755692716316177,-0.6972902256498706,-0.05275565614551907,1.663766049075835,-1.2159356706819748,0.75
0.025892501350746864,-0.28854023223438385,-0.34406654963691824,-0.11200562266123609,0.2961881465905602,-0.05214343130486505,0.7539565631203513,-1.1510205879341566,2.186
4.548299040611644,-0.1283397589791022,0.9440238068918061,0.04535122811866108,-0.7027339427580374,-0.08406563969023303,-0.7110699937515539,0.5767193067384124,5.00001
0.3232692114812352,1.393564736946074,-0.2928270898629565,-0.32123737483461606,-1.0647411304511258,-0.044233289643518844,-0.7997180975113177,0.6016866462568008,2.469
0.2696657407069526,0.3522616607867429,-0.3182217130496883,-0.19773738416278816,0.24175097550889274,-0.1487343691412343,-0.6970729247368536,0.5817127746420929,4.259
0.2740350096965067,-0.769141652000229,-0.16740118242495441,0.09683548700278145,0.4722016664212849,-0.12251609685359477,-0.9256917186436168,0.7814514907892068,4.292
0.07486028429464911,-1.5701440182766375,0.7216491125317376,0.3796098378541576,-0.29626973201492046,-0.054707733346164696,1.449144324183772,-0.4818958888413162,1.366
-0.6477741795630256,0.5925623706696654,-1.044734584805807,-0.7584287201609967,-1.2380327917277671,0.21058170336135312,1.0712234607868782,-0.8713863853281901,0.55
-0.3711248552488354,0.11196095090382036,0.14664919982397656,-0.18585851120331318,-0.1638059490495297,0.0011641588240583493,0.4926779415126253,0.0024704978154519064,0.723
-0.5250616614783606,0.7527628439249472,-0.440472743392039,-0.08001948305056693,-0.32802474847922647,-0.13043665615420283,-0.9350230979867481,0.8313861698259907,3.076
0.6058330340617725,0.43236189741438374,0.4023434331320908,-0.18250713628971835,-0.42782622879561677,0.015439113692115576,-0.8370436148838496,0.7914384265965678,2.126
-0.44796004894318486,-1.0094423618831516,-0.11151671489748012,0.02823848492469633,0.5248242651335634,-0.015630780475733425,-1.0563310294474781,1.160955051468734,1.467
-0.842046798293676,0.7527628439249472,-0.3701710839173723,-0.11641252714471158,-0.20009739643730798,0.09500527961389035,-0.7157356834231196,1.1260007761429915,0.681
-0.31475062852995767,1.874166156711919,0.000422952179322761,0.006313394617290852,-0.9594959330265688,-0.10974129442590409,0.8892615635957816,-1.3657397077923121,2.964
0.75284295042981,-1.249743071766074,0.3790135743318983,-0.2807667770729793,-0.6718862124784258,-0.007822128200988154,1.5517894969582362,-0.7565366235436023,1.919
0.2925244772498626,-1.1696428351384331,0.3362381641539854,-0.22944164833599726,-0.6882173638029261,-0.020218878666588645,1.4444786345122065,-0.8713863853281901,1.863
-1.2150864592188775,-0.28854023223438385,-0.15290720631248572,0.0672440671768618,-0.529442281481396,-0.06509378511883036,1.7897396702081307,-0.7565366235436023,0.781
0.6177153143626326,0.27216142415910205,0.44452300682942086,-0.14059934160352558,-0.2726802912128646,-0.02463814142915079,0.884595873924216,-1.2159356706819748,2.876
-1.3857543686523044,-0.36864046886202473,-0.9995618612694334,-0.01364811781784602,0.18277737350375303,0.004698135663138954,-0.5757649932761235,-0.14234007139121188,3.25
0.22416140269379425,1.874166156711919,0.04088012131584471,-0.20726853754093744,-0.5983960315181748,-0.10049342984338912,1.0432293227574811,-1.3507593040812778,2.613
0.3028615282739286,0.5925623706696654,0.3285075103208279,-0.12367567100680012,-0.6873100776182316,-0.04370776920151143,0.9219213912967478,-1.4206678547327694,3.179
-0.8475883101828664,0.43236189741438374,-0.5866264628820982,-0.05671257087097945,0.16372436362516943,0.10166817292115388,-0.7343984421093854,0.7864449586928873,1.385
0.624002799006137,0.43236189741438374,0.3416077624048578,-0.18149584893120696,-0.5956741729640914,-0.04083020033928369,-1.3176096510552073,1.3257394922901056,1.653
1.692715337097376,0.6726626072973063,0.6367040520196943,-0.13949399256592082,-0.9150389099765404,-0.08898170419596146,1.0152351847280807,-1.310811560851855,3.667
0.6420659964141705,0.43236189741438374,0.3701041217871087,-0.007390611430640848,0.1428567813771969,-0.08669677280597501,0.8426046668801185,-1.3257919645628893,3.951
0.08961988807643459,-0.6890414153725881,0.13335827941617692,-0.17314302684462907,0.0621083109393902,0.1652529551876843,-1.4295862031728062,1.2658178774459679,1.321
1.7003349159450123,0.9129633171802288,0.4567333427528378,0.09489817967143131,0.1111017649128909,-0.09638937991893186,-0.7530612007956513,0.5217911597979552,5.00001
0.24307714039247244,-0.8492418886278699,0.4621096564823148,-0.11486454862544457,-0.8079791401825944,-0.08088058381328223,0.9452498396545826,-0.6916215407957841,1.632
-0.8032029313011791,-0.28854023223438385,0.17300631580982667,-0.030214377662870513,-0.15564037338727957,-0.045541205071966843,0.5393348382282884,-0.08741192445075467,0.906
-0.8750294507879911,0.5925623706696654,-0.7663056333586105,0.020459370011391653,1.0945999891216827,0.1337018852951424,-0.8603720632416845,0.6915690685230074,1.418
-0.6114346496742972,0.11196095090382036,0.25986189075136135,0.1006877292964447,-0.6319656203518697,-0.1083074066662038,0.9499155293261483,-0.7066019445068185,0.949
0.6643386115072623,-0.20843999560674303,0.26532391373160985,-0.3296519183298751,-0.4931508340936177,0.01873170370442622,-0.8930318909426506,0.8014253624039218,2.242
0.5376298108102006,-0.769141652000229,0.12647849247349868,-0.3106954702489203,0.9893547916971256,-0.012230603710308102,1.3325020823946077,-0.9712557434017506,1.844
0.9201539824688234,-1.0094423618831516,0.8349620767002174,-0.1643795791903748,0.16100250507108604,0.018129832103322755,1.0945519091447131,-1.1510205879341566,1.742
-0.8704470467257761,0.43236189741438374,0.1208248497985366,-0.029236533734713046,0.07027388660164031,0.09618123915657244,-0.07187050874693081,0.0973463879853319,0.646
0.6982803718285525,-0.04823952235146133,0.3452150274519209,0.09413605846095124,-0.37520363008333824,-0.0509131443520569,1.295176565022076,-1.6553608462056326,2.683
-0.7898819892598564,0.9930635538078697,-0.3574832712023226,-0.1697697121923556,-0.7226942388213154,-0.039426690216294795,0.8052791495075834,-0.7165888803141794,0.95
0.10709696403464997,-1.8905449647872008,0.9045634593171921,0.8505211979258235,-0.007752725282083021,-0.07279814733326279,-0.7763896491534862,1.5354651442445806,1.464
-0.4535015608323752,-1.329843308393715,-0.1645592761342244,-0.07917583114493286,0.010392998411806126,-0.08322821683117108,1.360496220424008,-0.8813733211355511,1.186
0.40255545851118785,-0.769141652000229,0.6936997095512086,-0.2559633726034183,-0.5866013111171469,0.054072493114912745,-0.9023632702857819,0.8064188303076023,3.045
-1.131271091894875,0.43236189741438374,-0.3744217274755949,-0.27096254999810215,-0.6764226434018981,-0.05738184322786252,0.3667043203803263,-0.14234007139121188,0.584
-0.19155855653180526,0.5124621340420246,-0.3716038592970462,-0.16719779214175204,2.322158197013284,0.18732166385685528,-0.6270875796633556,0.561738903027378,1.602
1.1641403568976905,-1.249743071766074,0.12613802355568482,-0.031273708585041866,-0.22368683723936386,-0.09461984658683709,0.8472703565516841,-1.3207984966592088,4.093
-0.6252351456291075,0.7527628439249472,-0.1541264477845294,-0.0992530655332767,-0.23729613000978073,-0.07645890419235879,1.0945519091447131,-0.8613994495208361,0.875
0.6494724401891457,0.7527628439249472,-0.018027736870120232,-0.1763712404691594,0.024002291182222985,-0.0938894911806217,-0.7997180975113177,0.5817127746420929,3.639
0.7864650081421087,-0.6089411787449472,0.1734108232982863,-0.2235377439038564,-0.44960109722828373,-0.051725072324270954,0.7866163908213175,-1.2359095422966828,4.163
-0.6144718244597188,-1.0094423618831516,-0.04773363988783553,0.012778955373533088,-0.5112965577875068,-0.09476580619943784,0.6233172523164866,-1.1660009916451912,2.333
2.7519966482233587,-0.04823952235146133,0.8771856777986109,-0.2508170665563249,-0.4368990906425613,-0.05145188116125041,-0.8230465458691493,0.8363796377296641,3.754
-0.545629195990163,1.313464500318433,-0.587871386778583,-0.11803244852092483,-0.38427649193028285,0.1855230047737288,-0.7483955111240856,0.7015560043303612,1.14
-1.0216130970107065,1.1532640270631513,-0.24437244004891134,0.00044602982314681,-0.22459412342405832,0.043829932847001006,-0.7297327524378198,1.1309942440466652,0.746
0.7285455521464377,1.393564736946074,0.27474489726125395,0.26849750512472603,-0.5249058505579237,-0.059776888890254704,0.6839712180468533,-1.2658703497187516,2.068
-0.22912361308833532,0.3522616607867429,0.21737195322225925,-0.11620282562116571,-0.7335816730376489,0.0723602379966555,0.4646838034832248,-0.027490309606616956,1.104
0.20146251745538024,-0.6890414153725881,-0.35365241624151583,-0.14007848101284706,0.0621083109393902,-0.14139998235945125,0.8099448391791524,-1.2409030102003633,5.00001
-1.2616564725953416,0.27216142415910205,-0.3939014114430637,-0.06565834404703938,0.28620799855892115,0.14643465472549821,0.3247131133362288,0.13230066331107418,0.541
-0.8604296983107014,-0.36864046886202473,-0.9447821712902541,-0.11035064326326319,0.34427431437936645,-0.01955136353776226,0.7772850114781862,-1.1410336521268027,1.125
-0.7696341573570458,-1.0094423618831516,-0.06826759168175517,0.10750307456631462,0.5974071599091201,-0.11685456447624502,1.6404376007180002,-1.0361708261495688,1.148
0.9591044169976511,0.43236189741438374,0.2629958888631313,-0.2604643674755814,0.39236048216817265,0.02680113546140123,-0.6690787867074531,0.4818434165685324,2.515
-0.6310963601272896,0.031860714276179515,-0.7211386731283602,0.042805549158405315,0.3814730479518392,0.17336996358157378,-0.8417093045554153,0.8313861698259907,1.625
0.3379755314948553,-1.249743071766074,0.6315518964484652,0.18628637955582886,0.3324795939783385,-0.031631224563773104,-0.020547922359698743,-0.5118566962633779,2.069
0.33312670859181426,0.27216142415910205,-0.040357718559090434,-0.05168730176093181,-0.07217004439538949,0.0837018452502136,-0.8183808561975836,0.6516213252935845,1.381
-0.5627865693393866,-0.04823952235146133,-0.12731053085377247,-0.1561751621863155,-0.17741524181994656,0.06545089639298295,-0.16051861250669802,0.33203937945819517,0.822
-0.4451892929985898,0.031860714276179515,-0.394131971609742,0.052170309136789016,-0.7608002585784827,0.025860786306710785,-0.8230465458691493,0.7015560043303612,1.667
-0.6672227549433569,1.874166156711919,-0.23556267423442198,-0.025439322541612724,-0.14293836680155717,0.026113674610670316,-0.762392580138786,0.6366409215825501,1.362
-1.4016862153337262,0.9129633171802288,-0.5878502423471961,-0.14084628426742288,0.7171689362887884,0.18626512093100234,0.5206720795420225,-0.0973988602581086,0.491
1.114746303808466,-0.36864046886202473,0.6530971000311351,-0.2346161375858802,-0.4677468209221729,-0.0016769656857326238,-0.7064043040799849,0.9612163353216129,2.559
-0.8632537380234618,1.7139656834566372,-0.32517493373480866,0.12309047100197297,-0.7462836796233713,0.08134332568307757,0.5066750105273222,-0.11737273187282354,0.592
1.5356880723142639,1.874166156711919,0.8202177878899335,-0.15080199235997924,-0.2844750116138925,-0.031099740601445523,0.9685782880124142,-1.4406417263474771,4.052
2.9194675315668683,0.7527628439249472,0.7558341887653868,-0.23360591471970402,-0.20463382736078026,-0.0614620173376789,0.8379389772085495,-1.3058180929481744,5.00001
-1.0723925280722286,1.2333642636907922,-0.6686321900536681,-0.4056412564802754,-0.7834824131958441,0.10025215910200735,-0.7157356834231196,1.15096811566138,0.629
-0.005491638098609433,0.5124621340420246,0.09231388537479403,-0.26534076447325244,0.3896386236140893,0.03549623119856154,-0.7204013730946851,0.8413731056333446,1.759
0.27803129230890317,-1.249743071766074,0.6317227407411805,-0.15702404024860966,-0.6591842058927034,0.05332747055643195,0.5999888039586551,-0.1473335392948924,1.118
0.8347933858680275,-1.0094423618831516,0.6750001089882072,-0.09442612894523625,-0.8469924461244561,0.01887344882787451,1.2111941509338777,-1.225922606489329,1.577
-0.3668088700274469,-1.1696428351384331,-0.07904798772911008,-0.17002782126739752,0.5819832947693142,-0.00898526382070215,0.8799301842526503,-0.6316999259516534,1.418
-1.027421027740723,0.5925623706696654,-0.8509170205824974,-0.13751836872042814,0.06573745567816802,-0.037868583229453016,-0.7017386144084192,0.666601729004619,2.38
0.7669631489936123,0.43236189741438374,0.03662874506244932,-0.1954700015215477,-0.20100468262200244,0.019317484077750472,-0.6504160280211871,0.561738903027378,2.123
-0.6646651340714227,1.874166156711919,-0.6772860122143878,-0.12085625830776361,0.14376406756189136,-0.11099343327544972,0.9872410466986801,-1.4456351942511576,3.596
1.1262555977321684,1.2333642636907922,0.2882676974211549,-0.22966272195951862,-0.18830267603628004,-0.05303154624879737,-0.7810553388250518,0.5867062425457663,3.772
-0.7809835999762528,-0.6890414153725881,0.16219771269249778,0.41995590248228326,0.28711528474361564,-0.11484218826971469,1.645103290389569,-2.0748121501145826,1.588
-0.32892411086192513,-0.9293421252555106,-0.08992355168892191,-0.09509339980187215,0.5057712552549798,0.09757922049485339,1.2298569096201435,-0.8863667890392245,0.82
3.325862831363541,1.874166156711919,1.1363748848366972,-0.14701863639274282,-0.6991047980192595,-0.04643294455679493,1.0525607021006125,-1.3507593040812778,3.97
1.1425071470225823,-0.5288409421173064,0.4515863250913686,-0.11433182321230324,3.226722523153658,-0.06869801437151041,1.0012381157133803,-1.29083768923714,3.71
-0.7619612947412441,-0.6089411787449472,0.46784865154028643,0.1522397952851709,-0.4368990906425613,0.008138062282161435,2.8208570876243444,-1.490576405384261,0.701
0.7412803727379423,-0.44874070548966555,0.21580325496110064,-0.08587896475280224,0.8369307126684568,-0.04266328304015796,0.8052791495075834,-1.2309160743930094,4.301
-0.9159513847389344,0.7527628439249472,0.05572235360259813,0.10815855328563072,-0.1356800773240015,0.1587613858423162,-0.8930318909426506,1.6752822455475638,0.685
0.23140799516427396,0.5925623706696654,0.06368816705361616,-0.27125290595378115,-0.5993033177028693,0.03381338483932439,0.9405841499830137,-1.260876881815071,1.853
0.2813348859351511,0.3522616607867429,-0.23212945023824513,-0.14755862121180735,0.20092309719764218,0.2714206060248222,-0.8510406838985498,0.6516213252935845,1.735
0.8782196569227397,-1.0895425985107923,0.6477673573661535,-0.13775251673174543,1.2706135089524073,-0.02438046216998089,1.4071531171396714,-0.8164582383877329,2.323
-0.8828621647082888,-0.1283397589791022,1.4811962738815543,1.7748855137165238,-0.8188665743989278,-0.13223511193267706,1.5564551866298018,-1.5504980202283987,1.097
1.7816992299334116,0.9129633171802288,0.08085565748645565,-0.24908511758244767,-0.9431647817020685,-0.05335118780851038,-0.8183808561975836,0.5916997104494468,4.381
-0.3857778914942905,-0.6890414153725881,-0.36411649006614694,-0.0780653982819735,0.6872284921938713,-0.027940779192154788,0.6139858729733554,-1.2009552669709405,2.583
-0.9705672471083576,-0.8492418886278699,-0.8250603406479637,-0.019208166292582717,-0.35887247875883804,0.03631788078411174,0.6046544936302207,-1.0960924409936994,1.713
-0.20503934987762365,1.4736649735737148,0.2966500386455611,0.10436670731902845,-0.5929523144100081,-0.03118106824373504,1.4211501861543716,-1.0960924409936994,1.231
-0.9490938885377456,-0.6890414153725881,-0.2884486179805516,-0.2578971069548332,0.13832035045372462,0.013062796953415478,0.6233172523164866,-0.5268370999744124,0.613
-1.1987816261602986,-0.36864046886202473,0.7780526949444475,0.6849016116699312,-0.8134228572907611,-0.0281901543521246,-1.1916360299229085,1.4555696577857349,2.219
0.7524166802844877,-0.28854023223438385,0.09876131289346747,-0.11926840700957805,0.1854992320578364,-0.0038447704108560345,0.7586222527919203,-1.2009552669709405,2.694
-1.0227320561421775,1.874166156711919,-0.3716065053254492,-0.2186506546419955,-0.6120053242885917,-0.11211205243790984,1.7710769115218647,-2.1097664254403248,0.95
-0.6431917755008106,1.1532640270631513,-0.9439652271747029,-0.12475577422099712,0.4449830808804512,0.013037110712279833,-0.7250670627662508,0.6616082611009385,1.743
-0.6634928911717864,0.5124621340420246,-0.5176615830366654,-0.04900109596402727,0.5565792815978694,0.07934402585204288,-0.7483955111240856,0.6166670499678352,1.397
0.23476487255868703,-0.04823952235146133,-0.3766579625487184,-0.04065635389569932,-0.690031936172315,-0.08907072749687,-0.7670582698103516,0.5517519672200241,3.844
-0.13715582923504324,1.313464500318433,0.0015362969881138556,-0.2011977791821235,-0.46230310381400613,-0.04988908839582326,-0.8323779252122839,0.7215298759450762,2.002
-0.26716822355835285,-1.0895425985107923,0.14554475187106858,-0.031273708585041866,-0.8161447158448445,-0.08038436133969931,1.3325020823946077,-0.6766411370847567,1.072
-0.6391954928884139,1.874166156711919,-0.10198531197821434,-0.08944190204685339,-0.8596944527101785,-0.12043327712009214,0.9919067363702491,-1.3307854324665627,2.41
-1.1541298284377848,-0.6890414153725881,-0.5831919592182,-0.03229356133619998,1.9293032790405837,0.08838754641859943,-1.3549351684277393,1.235857070023906,1.0
-0.3623330335015625,1.0731637904355105,-0.710497795774037,0.1717326172273655,0.023095004997528527,0.036897243288746696,-0.7297327524378198,0.646627857389904,1.82
-0.7559935127067314,0.3522616607867429,-0.45212792317520023,-0.1677742412671974,-0.05220974833211143,-0.038715716279337266,-0.8230465458691493,0.6316474536788697,2.607
-0.8796651386183715,0.11196095090382036,-0.3714975370648549,-0.3029439387163516,-0.9241117718234849,-0.07547983689149605,2.1163379472177923,-1.3158050287555283,0.632
-0.8509451875772797,-1.5701440182766375,-0.5324265106730471,-0.025439322541612724,-0.6809590743253704,-0.18022606867795385,0.5066750105273222,-0.07742498864340075,0.542
-0.6899216401817707,-0.5288409421173064,-0.7777569603354378,-0.18050527608935973,0.3406451696405886,-0.2074326526280669,1.0712234607868782,-1.2359095422966828,1.793
3.4925344581845716,-1.6502442549042784,1.1429178917035734,-0.1954700015215477,-0.22913055434753063,0.04318746233670473,-0.9630172360161485,0.941242463706905,5.00001
1.971762430979004,-1.0094423618831516,0.6572354884533559,-0.27991380931746496,0.2090886728598923,-0.055123175417071305,1.164537254218211,-1.480589469576907,3.921
-1.3042834871275744,1.874166156711919,-0.1714318106135341,-0.28711444409076026,-1.1817810482767108,-0.014419513911731286,1.0618920814437471,-1.3907070473107004,1.042
-1.09647679128294,1.4736649735737148,-0.11890858887213718,-0.02147679373202835,-0.42056793931806113,-0.10039644606066916,1.9390417396982613,-0.4369546777082129,0.559
-0.8993801328395291,0.1920611875314612,-0.39261000066022034,-0.01724688959046594,-0.7390253901458157,0.006857023794721951,0.9405841499830137,-0.7265758161215334,0.755
1.0798454356602003,-1.0094423618831516,0.7296872741641223,-0.11227721310038478,0.0385188701373343,0.03200887492107867,0.3340444926793601,0.16226147073314304,1.548
0.5390151887824978,0.5925623706696654,0.21233624182318125,-0.23651907475567427,-0.6628133506314813,-0.01742180748229488,-0.7857210284966175,0.7265233438487496,2.673
1.4778751838549231,-1.0094423618831516,0.8010182092296108,-0.16945870759101223,-0.3869983504843662,0.037224249671291974,-1.3875949961287055,1.2857917490606827,2.641
-0.6810765346663324,1.874166156711919,-0.19288135243580035,-0.07102649529598533,-0.7716876927948161,-0.13810226273763188,0.45535242414009014,-1.1709944595488717,2.354
-0.6706329161059353,-0.6890414153725881,-0.74969004683449,-0.023371213203070743,0.12834020242208558,-0.22430584935157613,1.3698275997671394,-0.9612688075943967,1.25
0.6515505071475924,-1.0094423618831516,0.46996326309685393,-0.21742382341835081,-0.35796519257414355,-0.021275640230586767,0.5533319072429886,-0.0973988602581086,1.085
-0.4836601736139298,-0.20843999560674303,-0.29056928172538715,-0.12937181331068598,-0.5475880051752852,-0.2354648529193885,1.0432293227574811,-1.2508899460077172,0.85
-0.41769486862529964,0.9930635538078697,0.217037354458201,-0.05473032186168549,-0.41330964984050544,-0.08758495930239606,-0.12319309513416289,0.30707203993980686,0.856
-1.483370231931117,-1.0094423618831516,0.9871132533463617,1.7377089945610886,-0.9032441895755124,-0.042793168293748185,-0.5244424068888882,1.4206153824599856,0.75
-0.11173947182019957,0.27216142415910205,1.5319992185974611,2.3947726421060294,-1.092867002176654,-0.07109202176057212,2.56890984535975,-1.5504980202283987,0.904
-0.6659439445073898,-0.9293421252555106,-0.22380947699994846,-0.1399670292613204,-0.13930922206277935,-0.1084006953624596,1.4071531171396714,-0.8763798532318706,1.254
1.0656719533282328,-0.8492418886278699,0.8516666477631079,0.026194993942735452,0.2299562551078648,0.06426448970972079,-0.7110699937515539,0.9662098032252934,2.029
5.9461454146598856,1.0731637904355105,1.5520734708407642,0.12232927512975433,-0.5439588604365073,-0.049521408138394826,-0.7390641317809511,0.5417650314126701,5.00001
1.0254959921316036,-0.6089411787449472,0.316364974305134,-0.16140045370763276,4.292783790169645,-0.010517627187191738,0.9079243222820508,-1.4406417263474771,3.258
-0.5740294444222631,-0.769141652000229,-0.28720680696359535,-0.13756567617577597,0.25626755446400407,-0.22465575830349457,-0.9443544773298826,0.9262620599958706,0.869
1.082403056532134,-1.0094423618831516,0.4032778970854735,-0.21659981937932862,-0.008660011466777478,0.1054101007383843,0.8192762185222836,-1.1410336521268027,2.678
0.2580498792469193,1.0731637904355105,-0.2531496023374385,-0.14988337006359764,-0.4550448143364505,-0.08943826328416858,0.7726193218066172,-1.1510205879341566,2.47
0.29518866565812707,0.5925623706696654,0.18366850859847086,-0.10129859821972799,-0.4786342551385064,0.037987778724876575,-0.7297327524378198,0.8213992340186296,1.97
-0.4113541002136299,0.27216142415910205,-0.09581154206449599,0.030590617082253888,0.16735350836394725,-0.10291902069656124,-0.006550853344998484,0.951229399514259,0.635
-0.6172425804043139,0.43236189741438374,-0.08194203078532503,-0.09607521291903354,-0.4804488275078953,-0.05041770840030394,0.4926779415126253,0.0024704978154519064,0.729
0.551110604156019,0.3522616607867429,0.08556251323458983,0.061852547110290215,-0.6174490413967584,-0.03350158584615476,0.8379389772085495,-1.270863817622432,3.734
-0.6175089992451405,0.6726626072973063,-0.7560046178330373,-0.24896381641488904,-0.49496540646300663,0.13162085519802047,-0.7763896491534862,0.6815821327156534,1.646
0.2853311685475481,-1.4099435450213558,0.2714036734305297,-0.016815273025680557,6.631767574311956,-0.0680040528082242,-1.1449791332072452,1.1309942440466652,2.155
-0.037248763925122844,-0.20843999560674303,3.3346476961329254,3.0940934981677652,-0.22822326816283617,-0.06987226044084649,-0.6597474073643218,1.15096811566138,1.104
0.8785926432998968,-1.8905449647872008,0.6685315841003011,-0.08279124717253894,2.0309193317263627,-0.027633367164127662,1.449144324183772,-0.8314386420987673,2.296
-0.12617937299299334,1.313464500318433,-0.33395208335515053,-0.18947196342341027,0.3270358768701717,-0.042832539903810835,1.2391882889632748,-1.3657397077923121,1.26
0.27861741375872145,-0.04823952235146133,0.29235867311114677,-0.07232278181916822,-0.24183256093325303,-0.0012844795405155711,-0.4544570618153902,0.6765886648119729,1.797
0.00926796568317605,0.5124621340420246,-0.024797846046924213,-0.2150268800847047,0.2408436893241983,0.16013663885644142,-0.7530612007956513,0.8213992340186296,1.631
-0.7961161901351954,-0.04823952235146133,-0.07860296017161471,-0.2502020991670497,-0.7626148309478715,0.03170421740241383,0.3060503546499596,-0.037477245413977976,0.534
0.5143448041219684,-0.6890414153725881,0.18230337844491315,-0.10532301716425017,1.3050903839707968,0.0976536096781012,-0.5757649932761235,0.02743783733384026,2.797
0.7143720698144702,-1.0094423618831516,0.35276079660090975,-0.02056525469787817,-0.21007754446894703,-0.11885289222908468,-1.1823046505797772,1.1959093267944763,2.799
0.9470090016241304,1.2333642636907922,0.2907083177389319,-0.1294772330685978,-0.8478997323091505,-0.09209751972776113,-0.7857210284966175,0.5767193067384124,3.659
-0.28938755488327916,1.6338654468289964,0.08013688977107127,-0.21371403407004844,-0.6092834657345082,-0.09582880499423735,-0.6970729247368536,1.140981179854019,1.026
-0.17322894028294508,-0.6089411787449472,-0.22650495853556932,0.3903113678735548,-1.1772446173532385,-0.17344556847691023,1.4724727725416036,-1.7152824610497703,1.333
-0.39797987440414206,-1.81044472815956,-0.17971339841870868,-0.11960604585462715,0.8088048409429286,-0.07596859226903324,-0.10919602611946594,0.3370328473618686,1.008
-0.9433392415758941,1.393564736946074,-0.6713162988823033,-0.04069887343638192,0.1619097912557805,0.24945610793332812,-0.757726890467217,0.656614793197258,1.148
-0.2937035401046678,-0.20843999560674303,-0.550797410793519,-0.32682703587075246,-0.4305480873497001,-0.0932053652501788,-0.5757649932761235,-0.07243152073972024,3.35
-0.20898234872185523,-0.1283397589791022,-0.21687974292067633,-0.13063197725411566,-0.17741524181994656,-0.10711267464882886,1.0478950124290467,-1.4656090658658727,4.583
-1.0977023179507417,-0.36864046886202473,-0.5550371404828446,-0.058428273259239834,0.7035596435183715,0.05087362634344393,-0.7343984421093854,0.9462359316105785,1.35
-0.442844807199317,1.0731637904355105,-0.6561148502902456,-0.36435761711338244,-0.7444691072539824,-0.11844841679669582,0.7819507011497518,-1.1660009916451912,1.808
-0.20743711944506185,0.7527628439249472,-0.6516879420365599,-0.21182149957331586,-0.3679453406057826,0.16580409117821618,-0.6504160280211871,0.5717258388347319,1.519
-0.10161555586879423,-1.0895425985107923,-0.3020172254399375,-0.20934574458660452,-0.38790563666906064,0.06707238074882381,-0.6504160280211871,0.20220921396256583,1.893
0.16965210786070142,-1.4900437816489966,0.08261990551512717,0.37317516882132995,0.5112149723631466,-0.022065856346358242,-0.8510406838985498,0.7814514907892068,1.923
0.27595322535045697,-1.6502442549042784,0.13188694392325528,-0.10004921616167516,1.640786272307746,-0.03909953591584092,1.225191219948578,-1.2458964781040367,1.734
-0.6033888006813384,0.5925623706696654,-0.33237168492327795,-0.18291996639264277,-0.1293290740311403,0.14533953137065717,-0.8090494768544524,0.666601729004619,1.036
0.1951750328118759,1.0731637904355105,-0.04668505895200071,-0.231248182083588,0.39236048216817265,-0.08522736874973327,0.9312527706398824,-1.4256613226364498,2.727
-0.6796378729258696,1.874166156711919,-0.28228816905659937,-0.025077622059135767,0.13922763663841908,-0.07512710305770741,1.0338979434143465,-1.3507593040812778,1.577
-0.26834046645798937,0.27216142415910205,-0.23452094341105403,-0.11132670549714589,0.24810197880175394,-0.0009515991889939608,-1.434251892844372,1.2308636021202255,1.405
-1.3959315683718747,0.7527628439249472,-1.0243680544868878,0.132526453367299,-0.3062498800465595,-0.23571819898123567,1.3651619100955739,-0.9562753396907162,0.879
0.7120808677833629,-0.9293421252555106,0.43791607688913864,-0.06253035230066559,1.182606749037045,0.03511784984046587,-1.149644822878811,1.2708113453496483,2.128
-0.747681244872946,-1.0895425985107923,-0.23177768182546812,-0.08955839674708733,0.3460888867487553,-0.1644754496875385,-1.130982064192545,1.1260007761429915,1.089
-0.35572584624906645,1.393564736946074,-0.5829817081345264,-0.08564690722958966,-0.6954756532804817,-0.1185768438537442,-0.7717239594819172,0.6166670499678352,1.403
-0.293916675177329,-0.1283397589791022,-0.073486803342246,-0.06483869664388538,0.29709543277525463,-0.08362801010541054,1.1225460471741104,-1.2808507534297862,1.506
-0.12825743995143957,0.5124621340420246,-0.05358854469843222,-0.21920922459670525,-0.36522348205169924,0.007533497397496891,-0.8370436148838496,0.8363796377296641,1.935
-0.33558458188258633,0.43236189741438374,-0.5680656739936417,-0.008501959929613898,-0.5067601268640346,-0.12593937017533754,-1.308278271712073,1.15096811566138,3.76
0.01827292250311028,1.2333642636907922,0.11035912958754628,0.1329225843514644,0.004949281303639382,0.026640315402984418,0.9779096673555489,-1.4606155979621922,2.757
1.160783479503277,0.3522616607867429,0.6624908871431424,0.015468301812941907,-0.28356772542919806,-0.04388198011159054,-0.692407235065288,0.4718564807611785,3.477
-1.0048287100386397,-0.36864046886202473,-0.6800083725567336,-0.03342646093581823,1.289666518830991,0.049558818347290055,-0.6737444763790187,0.5767193067384124,2.215
-1.0938658866428406,-1.0094423618831516,-0.4446622423882841,0.07509578005395506,-0.4114950774711165,-0.20019970770987824,-0.23983533692332729,-0.5268370999744124,0.55
-0.1331062628544811,-0.28854023223438385,-0.5274166763987378,-0.06787167749257635,-0.007752725282083021,-0.12295535547642812,-0.7343984421093854,0.6266539857751962,4.045
0.014596342499705262,0.1920611875314612,-0.18048828382737986,-0.17600970013648015,-0.30262073530778166,-0.045475687326017394,-0.8603720632416845,0.8713339130554134,1.96
-0.01977168796690747,-0.20843999560674303,0.07679788702051203,-0.1596453557899466,-1.0683702751899036,-0.1033144556422401,-1.3502694787561735,1.1759354551797683,1.62
-0.43165521588460576,-0.769141652000229,-0.554045259335042,-0.1716463573116992,2.480933279334814,-0.010217610574890934,-1.1636418918935112,1.1160138403356306,1.785
-0.8919736890645537,0.9129633171802288,-0.5712104139104413,0.010948195312917096,-0.3597797649435325,0.03300989248240608,-0.7157356834231196,0.6915690685230074,1.5
0.7365381173712312,0.3522616607867429,0.06662405672184088,-0.22049038901663423,-0.4405282353813392,-0.005725134890697549,-0.6737444763790187,0.5018172881832473,2.092
-0.6972748001885809,0.6726626072973063,-0.438441624332091,-0.13467863353779583,0.9712090680032365,0.2056409909443226,-0.8183808561975836,0.6865756006193269,1.051
2.505292801618062,0.5124621340420246,0.8508461427056558,-0.15821538043511368,-0.09394491282805648,-0.034520390698958195,0.74462518377722,-1.2009552669709405,5.00001
1.2669780294567017,-1.0895425985107923,0.4480112454217589,-0.03345769797113777,1.0002422259134591,0.0034340626474666123,-0.8230465458691493,0.8763273809590939,2.803
-0.6564594337739681,-0.6089411787449472,-0.09276432210720599,-0.11095073009042392,-0.3869983504843662,-0.04785795121191331,0.7492908734487856,-0.711595412410499,0.962
-1.0022710891667057,1.874166156711919,-1.0520629996941337,-0.002568062966771419,-0.551217149914063,-0.15377468871620661,-1.3596008580993082,1.2058962626018372,2.0
1.0205406016922316,-1.249743071766074,0.6295976305421369,0.4024309824127636,-0.6800517881406759,-0.09514887011062707,-1.0143398224033806,0.941242463706905,3.056
-1.7036986132945948,-0.36864046886202473,-0.690776469248231,-0.4047112951751483,-0.9368137784092073,0.06429987581531792,-1.3689322374424395,1.225870134216545,1.113
-1.4040839849011642,-0.44874070548966555,-0.8239690280157758,-0.3776994133354733,-0.646482199306981,0.15126028065187835,-0.7670582698103516,0.666601729004619,0.875
-0.472364014762888,-1.0895425985107923,0.26650449685051586,0.08643778909090111,0.8060829823888452,0.06734497369553584,-0.8370436148838496,1.1359877119503456,1.279
0.39568185241786574,-0.6089411787449472,0.7571230606648903,-0.03320542967841252,-0.5131111301568958,0.04783314486114172,-0.6364189590064869,0.26712429671037696,5.00001
-0.6477741795630256,-1.6502442549042784,7.526570421155389,9.546843379377806,-1.263436804899212,-0.14195056823655644,1.5424581176151049,-0.1872812825243152,1.875
-0.6014173012592224,0.7527628439249472,-0.33871950360291286,-0.02338655040905239,-0.571177445977341,0.06219657691245134,-0.7204013730946851,0.6715951969082924,1.438
-0.07497367178614865,0.031860714276179515,0.18845850186898416,-0.12878104562118217,-0.5167402748956736,-0.053787369373694605,2.121003636889358,-1.3307854324665627,0.705
-0.04049907378320559,-0.9293421252555106,-0.029098644056408683,-0.17456437271265574,1.8104487888456096,-0.0010969727371263885,-1.3596008580993082,1.2857917490606827,1.276
1.0530969840412243,-1.9706452014148417,0.7335053629636865,0.009926837244044816,5.077586339930351,0.02809132773226923,1.131877426517245,-1.3207984966592088,2.252
-0.8392760423490809,-0.44874070548966555,0.5176347204267724,0.6600791037791938,-0.9449793540714575,-0.06708900032778983,1.9856986364139277,-0.5817652469148696,0.882
-1.1196019466666762,-0.769141652000229,-1.0131837688329437,-0.1088388285611828,1.7206274565608581,0.04995563255433013,-0.7390641317809511,0.666601729004619,1.625
0.6589569509225677,0.43236189741438374,0.06526519129406677,-0.08734073544140952,0.16281707744047497,-0.08009023060521595,0.884595873924216,-1.3707331756959855,4.072
0.1399197652244693,0.43236189741438374,-0.21534278295206988,-0.08645207843033231,2.4246815358837575,-0.0886931691525391,0.9312527706398824,-1.4256613226364498,3.01
0.28469176332956464,-0.28854023223438385,0.46704955096259415,-0.09538845154120111,0.4322810742947288,-0.001590497137388748,-1.3502694787561735,1.2957786848680366,2.14
0.4131589283760811,-1.4900437816489966,-0.4641549695997574,0.06683738905194168,-0.08759390953519527,-0.1334616590477523,-0.9396887876583137,0.8213992340186296,2.263
-0.17557342608221785,-0.769141652000229,-0.03440599571857869,0.16782765313189296,0.34336702819467196,-0.14745224685452815,0.6186515626449209,-1.1660009916451912,2.319
-1.132176915953685,1.1532640270631513,-0.5294240116654021,-0.17151431136667775,-0.5738993045314245,-0.08444530407519531,-0.757726890467217,0.6066801141604813,1.897
-1.3764297092233784,-0.20843999560674303,-0.624821500881689,0.07897237381518361,0.49216196248456295,0.0663862117147082,1.3418334617377423,-0.9462884038833622,0.668
-0.39797987440414206,0.27216142415910205,-0.2865022938012218,0.05179029842989659,-0.7780386960876773,-0.10915508240380972,1.2158598406054433,-1.2309160743930094,1.104
-1.3279414801929637,-0.20843999560674303,-0.2866065243113556,-0.043171990681890184,-0.13114364640052922,0.009053593188635104,-0.7390641317809511,1.1959093267944763,0.851
-0.44796004894318486,0.5925623706696654,0.047382307304887766,-0.09629103263372511,-0.6972902256498706,-0.11250715703673102,0.5300034588851571,-0.11737273187282354,0.797
1.2653262326435777,1.4736649735737148,0.21708421472736897,-0.1954700015215477,-0.3797400610068105,-0.07592896345463832,0.8566017358948155,-1.3307854324665627,3.627
1.4873596945883452,0.5925623706696654,0.12796584808989367,-0.08412312965305722,-0.35887247875883804,-0.06818153024043368,-0.8183808561975836,0.5867062425457663,4.815
-0.8885635279019751,1.313464500318433,-0.657346431125645,-0.18789171107832436,-0.4786342551385064,0.058947630129175387,0.9825753570271144,-1.300824625044501,0.82
-0.5221310542292699,0.11196095090382036,-0.7251415472187204,-0.09199881803977208,1.1934941832533785,0.004182920883917794,-0.8090494768544524,0.7464972154634646,1.656
0.19522831658004106,-1.6502442549042784,0.04861444750562654,-0.04124089569620328,0.15918793270169712,-0.0648615092005918,0.567328976257689,-0.10239232816178911,1.283
-1.266665146802879,1.1532640270631513,-0.3091146804186221,0.10629615846986866,0.45042679798861796,0.178248600873707,0.5160063898704569,-0.10239232816178911,0.466
0.7455963579593308,1.874166156711919,-0.13841341868805482,-0.18178697711017225,-0.49405812027831214,-0.1356035365977052,-0.7343984421093854,0.6016866462568008,4.864
1.0070065245782476,-1.0895425985107923,0.5634363015956673,-0.37686781086092574,-0.4532302419670616,-0.01181828526399473,-0.3564775787124917,-0.4369546777082129,2.697
1.9066496662810186,0.9930635538078697,0.5316443963355207,-0.24766484960732446,-0.5167402748956736,-0.026190799141216376,-0.6737444763790187,0.6915690685230074,4.837
-0.10689064891715803,-0.6089411787449472,-0.4317083263905259,0.27430601326077136,2.003700746185529,-0.13105501203730713,0.7772850114781862,-1.19596179906726,2.675
-0.27984976038169207,-0.1283397589791022,-0.4081138683155864,0.23110181105576658,0.8097121271276231,-0.05165259234362111,-1.0330025810896466,0.9761967390326474,2.31
0.916530686233584,0.43236189741438374,0.27260571934890504,-0.2322303656118102,-0.6700716401090369,-0.06317159046239672,-0.7950524078397521,0.8014253624039218,2.558
-0.19342348841759036,1.4736649735737148,-0.22311584174036725,-0.06438605871984646,0.09839975832716849,0.021937442063927066,-0.6830758557221533,0.7265233438487496,2.306
-0.11035409384790192,-0.1283397589791022,-0.0411690310402235,-0.0351306684862348,1.3341235418810193,-0.08271870586190767,-0.7017386144084192,0.7964318945002412,2.352
-0.7616415921322521,-0.20843999560674303,-0.29954274149732096,-0.047356716777000096,0.02218771881283407,0.03761693279882526,0.3247131133362288,0.15227453492578913,0.586
-1.1315375107357015,-0.9293421252555106,-0.1082471137727494,-0.09618852207156717,-0.9259263441928739,-0.19933954268272777,0.7586222527919203,-1.185974863259906,1.813
3.6760437557458325,1.393564736946074,0.8315244250900263,-0.16286364547741902,-0.28991872872205926,-0.056711283759047715,-0.7110699937515539,0.7215298759450762,5.00001
-0.13358581676796877,0.5124621340420246,-0.3036623471384871,-0.15284999869609858,0.13559849189964124,-0.05618009875553427,-0.8183808561975836,0.6416343894862235,2.006
0.6821886738426348,-0.28854023223438385,-0.027235306037600535,-0.1627398434611146,0.09114146884961283,-0.06793700992304186,0.7866163908213175,-1.2009552669709405,2.876
-0.21084728060764055,-1.6502442549042784,-0.25941023142761216,0.07156753200539331,1.4366468807514932,-0.016400998347271892,-0.6410846486780526,0.1872288102515314,2.034
0.28192100738496934,-0.20843999560674303,-0.09633206344712257,-0.18578766483733125,-0.25634913988836433,-0.030118054014123773,-0.8790348219279503,0.8663404451517329,2.296
-0.6192140798264297,1.313464500318433,-0.7895361074585094,0.015248574413635094,-0.08033562005763961,-0.1609916631531102,-0.8743691322563814,0.7015560043303612,1.911
0.4321812336110896,-0.9293421252555106,0.15932634154431224,-0.22402587855398343,-1.0683702751899036,0.08256877704037312,-1.2242958576238745,1.3557002997121743,1.702
1.2760895538129664,1.0731637904355105,-0.31974194535403616,-0.11111227304040694,-0.7208796664519265,-0.15033563755760762,-0.8230465458691493,0.5867062425457663,4.727
-1.0363194170243266,0.832863080552588,-0.16555945766507502,-0.17275696964560455,-0.2998988767536983,0.017665388228203134,0.5113407001988912,-0.08741192445075467,0.513
-0.5977940050239828,-1.1696428351384331,1.040085077804705,0.6802435608064841,-0.2717730050281701,-0.0916533363815088,1.1225460471741104,-0.32210491592361795,1.37
-0.41162051905445646,1.874166156711919,-0.6878505589471673,-0.0071271949179082875,-0.7190650940825376,-0.20243404620678604,-0.7717239594819172,0.5517519672200241,4.125
2.0395926678534195,0.3522616607867429,0.3087406058235374,-0.27838100092512996,-0.2998988767536983,-0.04354015688565481,-0.8230465458691493,0.5916997104494468,4.743
1.533183735210495,-1.0895425985107923,0.7249300817737033,-0.31169883809458,-0.3162300280781985,-0.00023347528458781338,0.5533319072429886,-0.1373466034875314,1.603
-0.0816341428068101,-0.9293421252555106,1.8800120095115351,1.6376247924302763,-0.5221839920038404,-0.15334955180008436,-0.8417093045554153,1.5254782084372265,1.304
-0.7444842187830286,-0.5288409421173064,-0.5278795766905644,-0.06320526802086754,0.6055727355713701,-0.13247701262160766,-0.7950524078397521,1.0810595650098884,1.185
1.8375406189706365,0.27216142415910205,0.24009521794227054,-0.43634475888561514,-0.4187533669486722,-0.092006102157146,-0.8230465458691493,0.8213992340186296,2.935
-0.6593367572548937,1.874166156711919,0.018260137429199717,-0.030676631156181515,-0.6700716401090369,-0.072156300324243,1.0245665640712152,-1.3457658361775973,1.629
-1.005787817865615,-0.1283397589791022,-0.548132142400255,-0.0357114462319742,-0.6192636137661472,0.1366875515369264,-0.7250670627662508,0.9961706106473622,1.008
-0.10603810862651324,-0.1283397589791022,-0.47184472598241056,-0.1488830143740549,0.37330747228958905,-0.06529890603005686,-0.8230465458691493,0.7464972154634646,2.081
-0.09410254455748822,-0.9293421252555106,0.06377773656891815,0.10852770654375493,-0.8324758671693447,-0.015822355509304355,2.4289391552127535,-0.7465496877362412,0.808
0.29577478710794536,-1.4900437816489966,0.2990772376851924,-0.1679865018454804,1.9048065520538333,0.10282148109418099,-0.7250670627662508,1.0910465008172423,1.307
2.055631082071172,-0.44874070548966555,0.7013183992695001,0.027236273281029785,1.585441815041384,-0.04045939657434549,-0.883700511599516,0.5966931783531273,5.00001
-0.8713528707845861,-0.6089411787449472,-0.5299649748705306,-0.12688167662401995,-0.1674350937883075,0.12356424391629953,-1.2429586163101438,2.024824998805022,0.664
-1.1654792710569917,1.2333642636907922,-0.3801724737131504,-0.14054719970306487,-0.6401311960141198,-0.07077535351014923,0.6139858729733554,-0.2422094294647724,0.614
0.3232692114812352,1.0731637904355105,-0.5069078763093463,-0.36967826353954786,-0.3724817715292549,0.009356473807668285,-0.8463749942269841,0.6765886648119729,1.602
1.107446427569821,0.5925623706696654,0.567362260427285,-0.156645262305034,-0.8143301434754556,-0.05753192082326394,1.1038832884878444,-0.8763798532318706,1.519
-0.18894765189170593,0.11196095090382036,-0.11693028019488139,-0.1168130947256168,0.12289648531391884,0.011837628311034618,-0.7950524078397521,0.771464554981853,1.772
-0.7860988417201207,0.43236189741438374,0.06927486034509653,0.07741019203484507,-0.2527199951495865,-0.09504199713459426,1.1412088058603795,-0.4918828246486701,0.949
0.3037140685645736,-0.9293421252555106,0.4101158794665636,0.07019591064538352,-0.7281379559294822,0.06600386163861494,1.2438539786348437,-0.8464190458098018,1.516
-1.0680765428508399,0.5925623706696654,-0.28348087701841446,-0.18108784447601411,-0.3425413274343378,-0.06556381081949116,-0.1325244744772975,0.26712429671037696,0.669
-0.34581506537032225,-1.81044472815956,0.6672926769394499,0.6754053643295337,0.46222151838964587,-0.04916468030064255,-0.5011139585310566,1.235857070023906,1.128
0.9178094966695508,-0.36864046886202473,0.3760412185357762,-0.23942555617768302,1.1236331470319052,-0.06150148049988508,1.39782173779654,-0.891360256942905,1.752
0.5223373693467618,-1.0094423618831516,-0.12198453024830948,-0.21474940969413167,-0.10120320230561212,-0.06280519523702575,-0.8976975806142162,0.8863143167664479,2.014
0.2688132004163081,1.6338654468289964,0.09033509785589347,-0.203048291964771,-0.6718862124784258,-0.05336553588631251,-0.6970729247368536,0.741503747559784,2.601
-0.31475062852995767,-1.0094423618831516,-0.19772479736340898,-0.07541249700883361,-0.5430515742518128,-0.008294366499714594,1.7384170838208985,-2.0847990859219365,1.514
-0.9474953754927867,1.874166156711919,-0.44719328541835957,-0.1423765894342944,-0.24909085041080867,0.057536256110763656,-0.762392580138786,0.6366409215825501,1.344
0.6177153143626326,0.6726626072973063,-0.42864086975604204,-0.21250477542850515,-0.4042367879935609,-0.027769846904092267,-0.6784101660505877,0.5667323709310584,2.436
1.4988157047438824,-1.5701440182766375,0.6278182391292455,-0.014027191485236139,0.6001290184632034,-0.0038683835179507747,-0.8230465458691493,0.9062881883811557,3.078
-1.2431670050419859,-0.36864046886202473,-0.9080369925285217,-0.02276951811422683,0.12471105768330776,-0.13102659346371287,-0.8743691322563814,0.6865756006193269,1.458
-0.6788386164033902,0.9129633171802288,0.44479026740085287,0.1784227619121826,-0.3797400610068105,0.0009264668722349041,-0.5244424068888882,-0.40699387028614403,2.393
-0.38433922975382745,0.3522616607867429,-0.49909864214788796,-0.07259705179623364,0.0811613208179738,0.04735777855073971,-0.7763896491534862,0.6116735820641618,1.528
0.07880328313888067,0.27216142415910205,-0.2772286366399959,-0.12702986479481396,0.1519296432241415,-0.016133139595986213,-0.6690787867074531,0.5167976918942747,1.992
0.16997181046969337,-0.5288409421173064,0.10493212980272876,-0.12158166970011983,0.24538012024767059,-0.05219560707365115,0.9405841499830137,-1.1410336521268027,2.932
-0.35172956363666946,0.9930635538078697,-0.5613129824695956,-0.1889021498040873,-0.5693628736079521,-0.05009632635910112,-0.7110699937515539,0.666601729004619,2.042
-0.29167875691438677,-1.0094423618831516,-0.6084847162265405,0.06271451426826867,-0.6927537947263983,-0.1017672920678292,-0.8463749942269841,0.7764580228855334,2.6
-0.24303067657947625,-1.0895425985107923,-1.0149086703866719,-0.43772682716557293,-0.031342166084138916,0.3671021791391135,-0.8883662012710817,0.8313861698259907,1.625
-0.9516515094096795,0.43236189741438374,-0.9304688228401854,0.06545993088688948,-0.07035547202600058,-0.10168301674579353,-0.7390641317809511,0.6316474536788697,4.1
-1.3111038094527316,-0.28854023223438385,-0.2784114004520876,1.2330377470260545,-0.7480982519927603,-0.07111769514697647,-0.8697034425848157,1.5554390158592954,0.55
-0.42094517848338237,1.874166156711919,-0.40468978701766184,-0.07205680510274833,-0.13749464969339042,-0.0380182678626587,1.1505401852035109,-1.3307854324665627,1.073
0.15148234291633747,0.7527628439249472,0.3748469460088662,0.13990966064663476,-1.150026031812405,0.05348398894951875,0.11942276778729721,0.35700671897658354,0.713
0.11050712519722868,-1.730344491531919,6.849795928272892,5.501427466449399,-1.0738139922980705,-0.05105003685231284,1.733751394149333,-0.3270983838272985,1.523
0.582654594909871,-0.44874070548966555,0.12843626550226175,-0.09064495607605985,2.8592716183524023,0.15004264780391227,-0.7483955111240856,0.8213992340186296,1.81
-0.19720663595732593,-0.44874070548966555,0.05498001973261062,-0.3080617452494375,-0.37792548863742165,0.024305391949124393,1.5144639795857044,-0.8613994495208361,0.993
0.6497921427981377,0.43236189741438374,0.22017953112523753,-0.14412523239482267,-0.5503098637293685,-0.04906475798564145,-0.8230465458691493,0.5966931783531273,4.537
-1.1602574617767931,-0.1283397589791022,-0.22667084151123826,-0.05896946883939218,-0.04404417266986132,0.15371404776891928,-0.13719016414886315,0.29209163622877243,0.498
-1.1046824915803948,-0.20843999560674303,-0.6412891825910183,-0.032806050155877946,0.36332732425795006,-0.2361363258912743,-0.8743691322563814,0.741503747559784,0.613
0.29327045000417634,-0.6089411787449472,0.22633965845349419,-0.370912615892061,-0.5367005709589516,-0.023165436387260832,0.3293788030077945,-0.037477245413977976,1.079
4.907165219204879,-1.81044472815956,1.6273711449641128,-0.03693564972078328,-0.7771314099029829,0.034540683955500494,-1.009674132731815,0.9612163353216129,5.00001
-0.21036772669415288,-0.6089411787449472,0.23212699578845447,-0.08636236712725703,-0.5058528406793401,-0.02718300460922396,-0.813715166526018,1.0111510143583966,1.988
-0.6987134619290437,0.6726626072973063,-0.22063958302932146,-0.12836811090972491,-0.039507741746389026,0.17171462628975695,0.8472703565516841,-1.2758572855261054,1.594
0.36307218630070753,-1.0094423618831516,0.2870521458374091,0.11799564862996387,-0.6909392223570094,-0.06976750841652994,0.7352938044340854,-1.0960924409936994,1.911
0.024933393523771736,0.43236189741438374,-0.3885070706361265,-0.20901196382558937,-0.7063630874968152,-0.10991441678932372,-0.6457503383496215,0.5517519672200241,1.992
5.9461454146598856,1.874166156711919,1.4210695989443496,0.0006317322225258428,-0.019547445683110967,0.040952233549562816,-0.7297327524378198,0.5916997104494468,5.00001
-0.6272599288193886,-0.8492418886278699,-0.9238157391484154,0.10766161620738621,-0.5593827255763131,0.08757647636841735,-0.883700511599516,0.8513600414406984,1.625
0.19416264121673535,0.6726626072973063,-0.24108432278547537,-0.2097998598141883,-0.2844750116138925,0.139719155838137,-0.7950524078397521,0.7664710870781724,1.644
-1.0277407303497148,1.1532640270631513,-0.8597410582116423,-0.15410757658334379,0.7797716830327059,0.1824748046928175,-0.7810553388250518,0.6616082611009385,0.988
0.10235470866793925,-1.0094423618831516,0.5803937329022901,0.13542939798408277,-0.1592695181260574,0.020959807202172175,-1.1403134435356763,1.2108897305055106,2.946
0.8914340314277318,-1.0895425985107923,-0.21037773637956023,-0.17529571296962218,-0.0422296003004724,-0.09282064415152357,-0.9396887876583137,0.9212685920921901,1.618
-0.6252351456291075,-0.28854023223438385,-0.908250250742988,0.012348590135403249,1.2833155155381297,-0.02831786090170784,-0.7064043040799849,0.656614793197258,2.181
-0.5793045374706269,-0.36864046886202473,-0.8974905605292612,-0.10030464183935761,3.7084914872264143,0.4139574375555368,-0.8883662012710817,0.8363796377296641,1.11
-0.384605648594654,1.1532640270631513,-0.14866414052286048,-0.20097378787696135,-0.08487205098111189,0.09509510724974742,-0.813715166526018,0.6815821327156534,1.188
-0.6699935108879519,-0.04823952235146133,0.040829280335976534,0.10008332576416287,-0.5040382683099512,0.08254394082961239,0.3153817339930942,-0.052457649125012405,0.544
-0.0895734242634384,0.7527628439249472,-0.48856292042260524,-0.16184618726833822,-0.3225810313710597,0.08591869871021524,-0.6317532693349213,0.5717258388347319,1.546
0.8488070168954991,-1.4099435450213558,0.19582923977352648,-0.1725588908792445,0.12198919912922437,-0.0008693393897185868,0.3060503546499596,0.12231372750372026,1.338
-0.7797047895402858,-0.20843999560674303,-0.22530720563833087,-0.040026176225580225,-0.7208796664519265,-0.23081442442707428,-0.953685856673014,0.9362489958032245,0.743
-0.9305511372162243,-0.04823952235146133,0.04040896134399743,-0.15428545279819966,4.975063001059877,0.10509349887881032,1.6217748420317342,-0.9063406606539395,1.083
-0.5907072638579991,0.3522616607867429,0.019149798037055632,-0.21459966671803382,0.1238037714986133,-0.06896586655640671,0.3060503546499596,0.22218308557728075,0.765
2.2038132413388456,-1.0094423618831516,0.6703866437053766,-0.18498938707879214,-0.09213034045866755,-0.0935780845549284,-0.8697034425848157,0.7315168117524301,5.00001
-0.500391276817831,-0.28854023223438385,-0.033242521057438655,0.10272556496084234,-0.16471323523422415,-0.08863550247020592,1.4024874274681056,-0.8464190458098018,1.598
-1.00301706192102,-0.28854023223438385,-0.2862140106814215,0.004059670907624306,-0.22277955105466943,0.09709953224746909,-1.3642665477708737,1.2308636021202255,0.886
0.11413042143246853,0.43236189741438374,0.13783224095539875,-0.14562964278871282,0.0321678668444731,-0.07767964819444173,-1.345603789084608,1.2807982811570022,2.237
